author,sentence,response,response_round,subtype,type,lexicalization,condition,conj_order,verb_agreement
Belova_2022_1,Билет на самолёт беру я и ты.,3.2857142857142856,3.0,coordination,stimul,14.0,"I_you, 1sg",I_you,1sg
Belova_2022_1,Контрольной по география Лера и Филипп готовились.,1.907692307692308,2.0,bad,filler,,bad,,
Belova_2022_1,Переезд за границу намечают я и ты.,2.933333333333333,3.0,coordination,stimul,26.0,"I_you, 3pl",I_you,3pl
Belova_2022_1,Стены под покраску ровняют ты и я.,3.095238095238096,3.0,coordination,stimul,21.0,"you_I, 3pl",you_I,3pl
Belova_2022_1,Участок под огород арендую я и ты.,3.5789473684210527,4.0,coordination,stimul,22.0,"I_you, 1sg",I_you,1sg
Belova_2022_1,Письмо от ректора читаешь я и ты.,2.25,2.0,coordination,stimul,11.0,"I_you, 2sg",I_you,2sg
Belova_2022_1,Таблетки от головы и живот выпили Макс.,1.5419847328244274,2.0,bad,filler,,bad,,
Belova_2022_1,Духовку от жира отмываем я и ты.,4.416666666666667,4.0,coordination,stimul,10.0,"I_you, 1pl",I_you,1pl
Belova_2022_1,Сапоги от грязи чищу ты и я.,2.142857142857143,2.0,coordination,stimul,9.0,"you_I, 1sg",you_I,1sg
Belova_2022_1,Гречку на костре варим я и ты.,4.4375,4.0,coordination,stimul,13.0,"I_you, 1pl",I_you,1pl
Belova_2022_1,Реквизит для спектакля готовишь я и ты.,2.5789473684210527,3.0,coordination,stimul,3.0,"I_you, 2sg",I_you,2sg
Belova_2022_1,Крепость из снега строят я и ты.,2.7857142857142856,3.0,coordination,stimul,30.0,"I_you, 3pl",I_you,3pl
Belova_2022_1,Перекус из овощей готовишь ты и я.,3.4285714285714284,3.0,coordination,stimul,31.0,"you_I, 2sg",you_I,2sg
Belova_2022_1,Из-за посуда Игорь и Яна поссорился.,1.5877862595419847,2.0,bad,filler,,bad,,
Belova_2022_1,Аванс за квартиру вносят я и ты.,2.7142857142857144,3.0,coordination,stimul,25.0,"I_you, 3pl",I_you,3pl
Belova_2022_1,Телевизор для бабушки покупают ты и я.,2.210526315789474,2.0,coordination,stimul,1.0,"you_I, 3pl",you_I,3pl
Belova_2022_1,Цепочку у ломбарда выкупаешь я и ты.,2.4285714285714284,2.0,coordination,stimul,8.0,"I_you, 2sg",I_you,2sg
Belova_2022_1,Штрафы за парковку платят я и ты.,2.25,2.0,coordination,stimul,28.0,"I_you, 3pl",I_you,3pl
Belova_2022_1,Грядку под редис копаю я и ты.,3.2142857142857144,3.0,coordination,stimul,24.0,"I_you, 1sg",I_you,1sg
Belova_2022_1,На выходных Маша и Рита сходили в поход.,6.376923076923077,6.0,good,filler,,good,,
Belova_2022_1,Поездку на дачу планирую ты и я.,2.6875,3.0,coordination,stimul,16.0,"you_I, 1sg",you_I,1sg
Belova_2022_1,Диван в гараж отвожу ты и я.,2.5789473684210527,3.0,coordination,stimul,17.0,"you_I, 1sg",you_I,1sg
Belova_2022_1,Снежинки из бумаги вырезаешь ты и я.,3.466666666666667,3.0,coordination,stimul,32.0,"you_I, 2sg",you_I,2sg
Belova_2022_1,Духовку от жира отмывают я и ты.,2.6875,3.0,coordination,stimul,10.0,"I_you, 3pl",I_you,3pl
Belova_2022_1,Комнату у метро снимают я и ты.,2.0,2.0,coordination,stimul,5.0,"I_you, 3pl",I_you,3pl
Belova_2022_1,Перед сном Алина умывалась и наносила крем.,6.282442748091603,6.0,good,filler,,good,,
Belova_2022_1,Олесино и Галино поздравление растрогало бабушку.,5.576923076923077,6.0,good,filler,,good,,
Belova_2022_1,Телевизор для бабушки покупаешь я и ты.,1.7333333333333334,2.0,coordination,stimul,1.0,"I_you, 2sg",I_you,2sg
Belova_2022_1,Комнату у метро снимаю я и ты.,3.0,3.0,coordination,stimul,5.0,"I_you, 1sg",I_you,1sg
Belova_2022_1,Грядку под редис копаешь ты и я.,2.6875,3.0,coordination,stimul,24.0,"you_I, 2sg",you_I,2sg
Belova_2022_1,Снежинки из бумаги вырезаю я и ты.,3.5,4.0,coordination,stimul,32.0,"I_you, 1sg",I_you,1sg
Belova_2022_1,Заявление на увольнение пишу ты и я.,2.4285714285714284,2.0,coordination,stimul,15.0,"you_I, 1sg",you_I,1sg
Belova_2022_1,На завтрак Федя и Катя испекли сырники.,6.648854961832061,7.0,good,filler,,good,,
Belova_2022_1,Ключи от квартиры ищу я и ты.,2.5625,3.0,coordination,stimul,12.0,"I_you, 1sg",I_you,1sg
Belova_2022_1,Грядку под редис копают ты и я.,2.736842105263158,3.0,coordination,stimul,24.0,"you_I, 3pl",you_I,3pl
Belova_2022_1,Снежинки из бумаги вырезают ты и я.,2.466666666666667,2.0,coordination,stimul,32.0,"you_I, 3pl",you_I,3pl
Belova_2022_1,Диван в гараж отвозят я и ты.,3.2,3.0,coordination,stimul,17.0,"I_you, 3pl",I_you,3pl
Belova_2022_1,Духовку от жира отмываешь я и ты.,2.6666666666666665,3.0,coordination,stimul,10.0,"I_you, 2sg",I_you,2sg
Belova_2022_1,Шкафчик для посуды чинишь ты и я.,3.333333333333333,3.0,coordination,stimul,4.0,"you_I, 2sg",you_I,2sg
Belova_2022_1,Подарок для подруги передаёшь ты и я.,2.210526315789474,2.0,coordination,stimul,2.0,"you_I, 2sg",you_I,2sg
Belova_2022_1,Рассвет у озера встречают я и ты.,3.523809523809524,4.0,coordination,stimul,7.0,"I_you, 3pl",I_you,3pl
Belova_2022_1,Галстук под пиджак подбирают ты и я.,2.6666666666666665,3.0,coordination,stimul,23.0,"you_I, 3pl",you_I,3pl
Belova_2022_1,Вечер у соседей провожу ты и я.,2.6923076923076925,3.0,coordination,stimul,6.0,"you_I, 1sg",you_I,1sg
Belova_2022_1,Галстук под пиджак подбираем ты и я.,4.416666666666667,4.0,coordination,stimul,23.0,"you_I, 1pl",you_I,1pl
Belova_2022_1,Рассвет у озера встречаем я и ты.,4.5,4.0,coordination,stimul,7.0,"I_you, 1pl",I_you,1pl
Belova_2022_1,Духовку от жира отмываю я и ты.,3.238095238095238,3.0,coordination,stimul,10.0,"I_you, 1sg",I_you,1sg
Belova_2022_1,Перекус из овощей готовишь я и ты.,2.5384615384615383,3.0,coordination,stimul,31.0,"I_you, 2sg",I_you,2sg
Belova_2022_1,Телевизор для бабушки покупают я и ты.,2.3125,2.0,coordination,stimul,1.0,"I_you, 3pl",I_you,3pl
Belova_2022_1,Штрафы за парковку платишь я и ты.,2.6,3.0,coordination,stimul,28.0,"I_you, 2sg",I_you,2sg
Belova_2022_1,Ключи от квартиры ищу ты и я.,2.2,2.0,coordination,stimul,12.0,"you_I, 1sg",you_I,1sg
Belova_2022_1,Стены под покраску ровняем я и ты.,5.0,5.0,coordination,stimul,21.0,"I_you, 1pl",I_you,1pl
Belova_2022_1,Цепочку у ломбарда выкупаю ты и я.,2.473684210526316,2.0,coordination,stimul,8.0,"you_I, 1sg",you_I,1sg
Belova_2022_1,Рассвет у озера встречаешь я и ты.,2.9166666666666665,3.0,coordination,stimul,7.0,"I_you, 2sg",I_you,2sg
Belova_2022_1,Стены под покраску ровняю я и ты.,3.1875,3.0,coordination,stimul,21.0,"I_you, 1sg",I_you,1sg
Belova_2022_1,Аванс за квартиру вношу ты и я.,3.0,3.0,coordination,stimul,25.0,"you_I, 1sg",you_I,1sg
Belova_2022_1,Коробки в макулатуру сдаём ты и я.,5.105263157894737,5.0,coordination,stimul,19.0,"you_I, 1pl",you_I,1pl
Belova_2022_1,Сапоги от грязи чистишь я и ты.,2.2,2.0,coordination,stimul,9.0,"I_you, 2sg",I_you,2sg
Belova_2022_1,Диван в гараж отвозишь ты и я.,3.2857142857142856,3.0,coordination,stimul,17.0,"you_I, 2sg",you_I,2sg
Belova_2022_1,Переезд за границу намечаешь я и ты.,2.142857142857143,2.0,coordination,stimul,26.0,"I_you, 2sg",I_you,2sg
Belova_2022_1,Галстук под пиджак подбираем я и ты.,4.888888888888889,5.0,coordination,stimul,23.0,"I_you, 1pl",I_you,1pl
Belova_2022_1,Заявление на увольнение пишешь ты и я.,2.6875,3.0,coordination,stimul,15.0,"you_I, 2sg",you_I,2sg
Belova_2022_1,Перекус из овощей готовим ты и я.,5.15,5.0,coordination,stimul,31.0,"you_I, 1pl",you_I,1pl
Belova_2022_1,Долги за семестр закрываешь ты и я.,3.4285714285714284,3.0,coordination,stimul,27.0,"you_I, 2sg",you_I,2sg
Belova_2022_1,Штрафы за парковку платим ты и я.,4.684210526315789,5.0,coordination,stimul,28.0,"you_I, 1pl",you_I,1pl
Belova_2022_1,Вечер у соседей проводишь я и ты.,2.1,2.0,coordination,stimul,6.0,"I_you, 2sg",I_you,2sg
Belova_2022_1,Ключи от квартиры ищешь ты и я.,3.1666666666666665,3.0,coordination,stimul,12.0,"you_I, 2sg",you_I,2sg
Belova_2022_1,Штрафы за парковку платят ты и я.,2.631578947368421,3.0,coordination,stimul,28.0,"you_I, 3pl",you_I,3pl
Belova_2022_1,Билет на самолёт берёшь я и ты.,2.7142857142857144,3.0,coordination,stimul,14.0,"I_you, 2sg",I_you,2sg
Belova_2022_1,Билет на самолёт берут ты и я.,2.1875,2.0,coordination,stimul,14.0,"you_I, 3pl",you_I,3pl
Belova_2022_1,Долги за семестр закрываю ты и я.,3.071428571428572,3.0,coordination,stimul,27.0,"you_I, 1sg",you_I,1sg
Belova_2022_1,Подарок для подруги передаёшь я и ты.,1.9375,2.0,coordination,stimul,2.0,"I_you, 2sg",I_you,2sg
Belova_2022_1,Гречку на костре варю я и ты.,3.8947368421052633,4.0,coordination,stimul,13.0,"I_you, 1sg",I_you,1sg
Belova_2022_1,Вечер у соседей проводим ты и я.,4.523809523809524,5.0,coordination,stimul,6.0,"you_I, 1pl",you_I,1pl
Belova_2022_1,Письмо от ректора читаешь ты и я.,2.35,2.0,coordination,stimul,11.0,"you_I, 2sg",you_I,2sg
Belova_2022_1,В понедельник Кира и Зина проспал.,1.7461538461538462,2.0,bad,filler,,bad,,
Belova_2022_1,Долги за семестр закрываешь я и ты.,2.7333333333333334,3.0,coordination,stimul,27.0,"I_you, 2sg",I_you,2sg
Belova_2022_1,Коробки в макулатуру сдаю я и ты.,3.523809523809524,4.0,coordination,stimul,19.0,"I_you, 1sg",I_you,1sg
Belova_2022_1,Коробки в макулатуру сдаю ты и я.,2.5,2.0,coordination,stimul,19.0,"you_I, 1sg",you_I,1sg
Belova_2022_1,В зоопарке Женя увидел слона и жирафа.,6.519083969465649,7.0,good,filler,,good,,
Belova_2022_1,Коробки в макулатуру сдаём я и ты.,4.416666666666667,4.0,coordination,stimul,19.0,"I_you, 1pl",I_you,1pl
Belova_2022_1,Снежинки из бумаги вырезаю ты и я.,2.952380952380953,3.0,coordination,stimul,32.0,"you_I, 1sg",you_I,1sg
Belova_2022_1,Подарок для подруги передаю я и ты.,3.6,4.0,coordination,stimul,2.0,"I_you, 1sg",I_you,1sg
Belova_2022_1,Вечер у соседей проводишь ты и я.,2.4375,2.0,coordination,stimul,6.0,"you_I, 2sg",you_I,2sg
Belova_2022_1,Крепость из снега строим я и ты.,5.066666666666666,5.0,coordination,stimul,30.0,"I_you, 1pl",I_you,1pl
Belova_2022_1,Телевизор для бабушки покупаю я и ты.,3.5294117647058822,4.0,coordination,stimul,1.0,"I_you, 1sg",I_you,1sg
Belova_2022_1,Заявление на увольнение пишут ты и я.,2.6842105263157894,3.0,coordination,stimul,15.0,"you_I, 3pl",you_I,3pl
Belova_2022_1,Крепость из строим снега ты и я.,1.6428571428571428,2.0,coordination,stimul,30.0,"you_I, 1pl",you_I,1pl
Belova_2022_1,Книги в библиотеку отдаём я и ты.,4.333333333333333,4.0,coordination,stimul,18.0,"I_you, 1pl",I_you,1pl
Belova_2022_1,Реквизит для спектакля готовишь ты и я.,3.1666666666666665,3.0,coordination,stimul,3.0,"you_I, 2sg",you_I,2sg
Belova_2022_1,Деньги в акции вкладывают я и ты.,2.894736842105264,3.0,coordination,stimul,20.0,"I_you, 3pl",I_you,3pl
Belova_2022_1,Коробки в макулатуру сдают ты и я.,2.5,2.0,coordination,stimul,19.0,"you_I, 3pl",you_I,3pl
Belova_2022_1,Участок под огород арендуешь ты и я.,3.2857142857142856,3.0,coordination,stimul,22.0,"you_I, 2sg",you_I,2sg
Belova_2022_1,Гречку на костре варят ты и я.,3.4,3.0,coordination,stimul,13.0,"you_I, 3pl",you_I,3pl
Belova_2022_1,Поездку на дачу планируют я и ты.,2.857142857142857,3.0,coordination,stimul,16.0,"I_you, 3pl",I_you,3pl
Belova_2022_1,Книги в библиотеку отдаю я и ты.,3.789473684210526,4.0,coordination,stimul,18.0,"I_you, 1sg",I_you,1sg
Belova_2022_1,Диван в гараж отвожу я и ты.,3.0,3.0,coordination,stimul,17.0,"I_you, 1sg",I_you,1sg
Belova_2022_1,Комнату у метро снимаю ты и я.,3.0,3.0,coordination,stimul,5.0,"you_I, 1sg",you_I,1sg
Belova_2022_1,На фестиваль и концерте приехали фанаты.,2.1615384615384614,2.0,bad,filler,,bad,,
Belova_2022_1,Стены под покраску ровняем ты и я.,5.0,5.0,coordination,stimul,21.0,"you_I, 1pl",you_I,1pl
Belova_2022_1,Перекус из овощей готовлю ты и я.,2.833333333333333,3.0,coordination,stimul,31.0,"you_I, 1sg",you_I,1sg
Belova_2022_1,Галстук под пиджак подбирают я и ты.,2.473684210526316,2.0,coordination,stimul,23.0,"I_you, 3pl",I_you,3pl
Belova_2022_1,Зачёт по истории не сдали Витя и Настя.,6.396946564885496,6.0,good,filler,,good,,
Belova_2022_1,Духовку от жира отмывают ты и я.,2.6,3.0,coordination,stimul,10.0,"you_I, 3pl",you_I,3pl
Belova_2022_1,По утрам Денис завтракал кашей и чаем.,5.728682170542636,6.0,good,filler,,good,,
Belova_2022_1,Машину из сервиса забираю ты и я.,2.642857142857143,3.0,coordination,stimul,29.0,"you_I, 1sg",you_I,1sg
Belova_2022_1,Брюк и блузку утром погладили Полина.,1.6412213740458017,2.0,bad,filler,,bad,,
Belova_2022_1,Столик на веранде заняли Даня и Лиза.,6.358778625954199,6.0,good,filler,,good,,
Belova_2022_1,Поездку на дачу планируем я и ты.,4.571428571428571,5.0,coordination,stimul,16.0,"I_you, 1pl",I_you,1pl
Belova_2022_1,Крепость из строю снега ты и я.,1.55,2.0,coordination,stimul,30.0,"you_I, 1sg",you_I,1sg
Belova_2022_1,Телевизор для бабушки покупаю ты и я.,2.2857142857142856,2.0,coordination,stimul,1.0,"you_I, 1sg",you_I,1sg
Belova_2022_1,Коробки в макулатуру сдаёшь я и ты.,2.933333333333333,3.0,coordination,stimul,19.0,"I_you, 2sg",I_you,2sg
Belova_2022_1,Цепочку у ломбарда выкупаешь ты и я.,3.0,3.0,coordination,stimul,8.0,"you_I, 2sg",you_I,2sg
Belova_2022_1,Долги за семестр закрываю я и ты.,3.238095238095238,3.0,coordination,stimul,27.0,"I_you, 1sg",I_you,1sg
Belova_2022_1,Письмо от ректора читаем ты и я.,4.269230769230769,4.0,coordination,stimul,11.0,"you_I, 1pl",you_I,1pl
Belova_2022_1,Аванс за квартиру вносишь ты и я.,3.3157894736842106,3.0,coordination,stimul,25.0,"you_I, 2sg",you_I,2sg
Belova_2022_1,Комнату у метро снимаем ты и я.,3.9166666666666665,4.0,coordination,stimul,5.0,"you_I, 1pl",you_I,1pl
Belova_2022_1,Духовку от жира отмываю ты и я.,3.0,3.0,coordination,stimul,10.0,"you_I, 1sg",you_I,1sg
Belova_2022_1,Коробки в макулатуру сдают я и ты.,2.5,2.0,coordination,stimul,19.0,"I_you, 3pl",I_you,3pl
Belova_2022_1,Рассвет у озера встречаю я и ты.,3.2,3.0,coordination,stimul,7.0,"I_you, 1sg",I_you,1sg
Belova_2022_1,Письмо от ректора читаю я и ты.,3.2857142857142856,3.0,coordination,stimul,11.0,"I_you, 1sg",I_you,1sg
Belova_2022_1,Поездку на дачу планируют ты и я.,2.5,2.0,coordination,stimul,16.0,"you_I, 3pl",you_I,3pl
Belova_2022_1,Книги в библиотеку отдаю ты и я.,2.4285714285714284,2.0,coordination,stimul,18.0,"you_I, 1sg",you_I,1sg
Belova_2022_1,Переезд за границу намечаем я и ты.,5.0,5.0,coordination,stimul,26.0,"I_you, 1pl",I_you,1pl
Belova_2022_1,Подарок для подруги передаю ты и я.,2.142857142857143,2.0,coordination,stimul,2.0,"you_I, 1sg",you_I,1sg
Belova_2022_1,Сапоги от грязи чистишь ты и я.,3.142857142857143,3.0,coordination,stimul,9.0,"you_I, 2sg",you_I,2sg
Belova_2022_1,Шкафчик для посуды чиним ты и я.,5.0,5.0,coordination,stimul,4.0,"you_I, 1pl",you_I,1pl
Belova_2022_1,Коробки в макулатуру сдаёшь ты и я.,3.5,4.0,coordination,stimul,19.0,"you_I, 2sg",you_I,2sg
Belova_2022_1,Премию в этом квартале получили Андрей и Олег.,6.580152671755725,7.0,good,filler,,good,,
Belova_2022_1,Крепость из строю снега я и ты.,1.4375,1.0,coordination,stimul,30.0,"I_you, 1sg",I_you,1sg
Belova_2022_1,Духовку от жира отмываешь ты и я.,3.5,4.0,coordination,stimul,10.0,"you_I, 2sg",you_I,2sg
Belova_2022_1,Галстук под пиджак подбираю я и ты.,3.071428571428572,3.0,coordination,stimul,23.0,"I_you, 1sg",I_you,1sg
Belova_2022_1,Шкафчик для посуды чиним я и ты.,4.133333333333334,4.0,coordination,stimul,4.0,"I_you, 1pl",I_you,1pl
Belova_2022_1,Телевизор для бабушки покупаешь ты и я.,3.2142857142857144,3.0,coordination,stimul,1.0,"you_I, 2sg",you_I,2sg
Belova_2022_1,Комнату у метро снимаешь я и ты.,2.357142857142857,2.0,coordination,stimul,5.0,"I_you, 2sg",I_you,2sg
Belova_2022_1,Реквизит для спектакля готовим я и ты.,5.666666666666667,6.0,coordination,stimul,3.0,"I_you, 1pl",I_you,1pl
Belova_2022_1,Переезд за границу намечаю ты и я.,2.631578947368421,3.0,coordination,stimul,26.0,"you_I, 1sg",you_I,1sg
Belova_2022_1,Участок под огород арендуем я и ты.,4.25,4.0,coordination,stimul,22.0,"I_you, 1pl",I_you,1pl
Belova_2022_1,Поездку на дачу планируешь ты и я.,3.1578947368421053,3.0,coordination,stimul,16.0,"you_I, 2sg",you_I,2sg
Belova_2022_1,Сапоги от грязи чистят ты и я.,2.35,2.0,coordination,stimul,9.0,"you_I, 3pl",you_I,3pl
Belova_2022_1,Долги за семестр закрываем я и ты.,4.333333333333333,4.0,coordination,stimul,27.0,"I_you, 1pl",I_you,1pl
Belova_2022_1,Рассвет у озера встречаешь ты и я.,3.1578947368421053,3.0,coordination,stimul,7.0,"you_I, 2sg",you_I,2sg
Belova_2022_1,Заявление на увольнение пишу я и ты.,2.7857142857142856,3.0,coordination,stimul,15.0,"I_you, 1sg",I_you,1sg
Belova_2022_1,Фирму и начальником опозорил Алиса.,1.3282442748091603,1.0,bad,filler,,bad,,
Belova_2022_1,Билет на самолёт берём ты и я.,4.416666666666667,4.0,coordination,stimul,14.0,"you_I, 1pl",you_I,1pl
Belova_2022_1,Гречку на костре варишь я и ты.,2.2142857142857144,2.0,coordination,stimul,13.0,"I_you, 2sg",I_you,2sg
Belova_2022_1,Галстук под пиджак подбираю ты и я.,2.571428571428572,3.0,coordination,stimul,23.0,"you_I, 1sg",you_I,1sg
Belova_2022_1,Переезд за границу намечают ты и я.,2.2857142857142856,2.0,coordination,stimul,26.0,"you_I, 3pl",you_I,3pl
Belova_2022_1,Участок под огород арендуешь я и ты.,2.5,2.0,coordination,stimul,22.0,"I_you, 2sg",I_you,2sg
Belova_2022_1,Для бульона Зоя купила лук и говядину.,6.526717557251908,7.0,good,filler,,good,,
Belova_2022_1,Деньги в акции вкладываешь я и ты.,2.4375,2.0,coordination,stimul,20.0,"I_you, 2sg",I_you,2sg
Belova_2022_1,Ключи от квартиры ищут я и ты.,2.3846153846153846,2.0,coordination,stimul,12.0,"I_you, 3pl",I_you,3pl
Belova_2022_1,Реквизит для спектакля готовлю ты и я.,2.526315789473684,3.0,coordination,stimul,3.0,"you_I, 1sg",you_I,1sg
Belova_2022_1,Кастрюлю с гречка опрокинул Кира и Алла.,1.7923076923076924,2.0,bad,filler,,bad,,
Belova_2022_1,Грядку под редис копаем я и ты.,4.214285714285714,4.0,coordination,stimul,24.0,"I_you, 1pl",I_you,1pl
Belova_2022_1,Шкафчик для посуды чиню ты и я.,2.6666666666666665,3.0,coordination,stimul,4.0,"you_I, 1sg",you_I,1sg
Belova_2022_1,Сапоги от грязи чистят я и ты.,2.125,2.0,coordination,stimul,9.0,"I_you, 3pl",I_you,3pl
Belova_2022_1,Переезд за границу намечаем ты и я.,3.9375,4.0,coordination,stimul,26.0,"you_I, 1pl",you_I,1pl
Belova_2022_1,Галстук под пиджак подбираешь ты и я.,3.333333333333333,3.0,coordination,stimul,23.0,"you_I, 2sg",you_I,2sg
Belova_2022_1,Свой автобусом Оксана и Юля пропустил.,1.3893129770992367,1.0,bad,filler,,bad,,
Belova_2022_1,Переезд за границу намечаю я и ты.,2.833333333333333,3.0,coordination,stimul,26.0,"I_you, 1sg",I_you,1sg
Belova_2022_1,Рассвет у озера встречаю ты и я.,2.4375,2.0,coordination,stimul,7.0,"you_I, 1sg",you_I,1sg
Belova_2022_1,Аванс за квартиру вносим ты и я.,5.333333333333333,5.0,coordination,stimul,25.0,"you_I, 1pl",you_I,1pl
Belova_2022_1,В кафе Кристина заказали лазанья и коктейля.,1.5725190839694656,2.0,bad,filler,,bad,,
Belova_2022_1,Книги в библиотеку отдаём ты и я.,4.842105263157895,5.0,coordination,stimul,18.0,"you_I, 1pl",you_I,1pl
Belova_2022_1,Цепочку у ломбарда выкупаем я и ты.,4.526315789473684,5.0,coordination,stimul,8.0,"I_you, 1pl",I_you,1pl
Belova_2022_1,Участок под огород арендую ты и я.,2.5,2.0,coordination,stimul,22.0,"you_I, 1sg",you_I,1sg
Belova_2022_1,Книги в библиотеку отдают ты и я.,2.5,2.0,coordination,stimul,18.0,"you_I, 3pl",you_I,3pl
Belova_2022_1,Гречку на костре варю ты и я.,3.0,3.0,coordination,stimul,13.0,"you_I, 1sg",you_I,1sg
Belova_2022_1,Диван в гараж отвозишь я и ты.,2.4285714285714284,2.0,coordination,stimul,17.0,"I_you, 2sg",I_you,2sg
Belova_2022_1,Перекус из овощей готовят ты и я.,3.2,3.0,coordination,stimul,31.0,"you_I, 3pl",you_I,3pl
Belova_2022_1,Стены под покраску ровняю ты и я.,2.3,2.0,coordination,stimul,21.0,"you_I, 1sg",you_I,1sg
Belova_2022_1,Рассвет у озера встречают ты и я.,2.642857142857143,3.0,coordination,stimul,7.0,"you_I, 3pl",you_I,3pl
Belova_2022_1,Телевизор для бабушки покупаем я и ты.,4.181818181818182,4.0,coordination,stimul,1.0,"I_you, 1pl",I_you,1pl
Belova_2022_1,Билет на самолёт берут я и ты.,2.263157894736842,2.0,coordination,stimul,14.0,"I_you, 3pl",I_you,3pl
Belova_2022_1,Счёт в ресторане оплатили Антон и Паша.,6.430769230769231,6.0,good,filler,,good,,
Belova_2022_1,Штрафы за парковку плачу я и ты.,3.761904761904762,4.0,coordination,stimul,28.0,"I_you, 1sg",I_you,1sg
Belova_2022_1,Галстук под пиджак подбираешь я и ты.,2.857142857142857,3.0,coordination,stimul,23.0,"I_you, 2sg",I_you,2sg
Belova_2022_1,Сапоги от грязи чищу я и ты.,2.9047619047619047,3.0,coordination,stimul,9.0,"I_you, 1sg",I_you,1sg
Belova_2022_1,Аванс за квартиру вносят ты и я.,3.0,3.0,coordination,stimul,25.0,"you_I, 3pl",you_I,3pl
Belova_2022_1,Крепость из снега строишь я и ты.,2.736842105263158,3.0,coordination,stimul,30.0,"I_you, 2sg",I_you,2sg
Belova_2022_1,Гречку на костре варим ты и я.,5.684210526315789,6.0,coordination,stimul,13.0,"you_I, 1pl",you_I,1pl
Belova_2022_1,Реквизит для спектакля готовим ты и я.,4.769230769230769,5.0,coordination,stimul,3.0,"you_I, 1pl",you_I,1pl
Belova_2022_1,Подарок для подруги передаём ты и я.,4.5,4.0,coordination,stimul,2.0,"you_I, 1pl",you_I,1pl
Belova_2022_1,Стены под покраску ровняешь ты и я.,2.6666666666666665,3.0,coordination,stimul,21.0,"you_I, 2sg",you_I,2sg
Belova_2022_1,Участок под огород арендуют я и ты.,2.9285714285714284,3.0,coordination,stimul,22.0,"I_you, 3pl",I_you,3pl
Belova_2022_1,Переезд за границу намечаешь ты и я.,2.857142857142857,3.0,coordination,stimul,26.0,"you_I, 2sg",you_I,2sg
Belova_2022_1,Диван в гараж отвозят ты и я.,2.7142857142857144,3.0,coordination,stimul,17.0,"you_I, 3pl",you_I,3pl
Belova_2022_1,Машину из сервиса забирают я и ты.,2.736842105263158,3.0,coordination,stimul,29.0,"I_you, 3pl",I_you,3pl
Belova_2022_1,Машину из сервиса забираем ты и я.,4.5,4.0,coordination,stimul,29.0,"you_I, 1pl",you_I,1pl
Belova_2022_1,Письма и открыток отправили Арсений.,1.6717557251908397,2.0,bad,filler,,bad,,
Belova_2022_1,На сцену подрался гитарист и ударник.,1.83206106870229,2.0,bad,filler,,bad,,
Belova_2022_1,Долги за семестр закрывают ты и я.,2.4,2.0,coordination,stimul,27.0,"you_I, 3pl",you_I,3pl
Belova_2022_1,Штрафы за парковку платим я и ты.,4.583333333333333,5.0,coordination,stimul,28.0,"I_you, 1pl",I_you,1pl
Belova_2022_1,Долги за семестр закрываем ты и я.,4.421052631578948,4.0,coordination,stimul,27.0,"you_I, 1pl",you_I,1pl
Belova_2022_1,Грядку под редис копаю ты и я.,2.466666666666667,2.0,coordination,stimul,24.0,"you_I, 1sg",you_I,1sg
Belova_2022_1,Стены под покраску ровняешь я и ты.,2.5789473684210527,3.0,coordination,stimul,21.0,"I_you, 2sg",I_you,2sg
Belova_2022_1,Письмо от ректора читаю ты и я.,2.7142857142857144,3.0,coordination,stimul,11.0,"you_I, 1sg",you_I,1sg
Belova_2022_1,Грядку под редис копаем ты и я.,5.333333333333333,5.0,coordination,stimul,24.0,"you_I, 1pl",you_I,1pl
Belova_2022_1,Крепость из снега строят ты и я.,3.0,3.0,coordination,stimul,30.0,"you_I, 3pl",you_I,3pl
Belova_2022_1,Цепочку у ломбарда выкупают ты и я.,1.9285714285714288,2.0,coordination,stimul,8.0,"you_I, 3pl",you_I,3pl
Belova_2022_1,Письмо от ректора читаем я и ты.,4.975,5.0,coordination,stimul,11.0,"I_you, 3pl",I_you,3pl
Belova_2022_1,Вечер у соседей провожу я и ты.,2.857142857142857,3.0,coordination,stimul,6.0,"I_you, 1sg",I_you,1sg
Belova_2022_1,Шкафчик для посуды чинят ты и я.,2.7333333333333334,3.0,coordination,stimul,4.0,"you_I, 3pl",you_I,3pl
Belova_2022_1,Цепочку у ломбарда выкупают я и ты.,2.533333333333333,3.0,coordination,stimul,8.0,"I_you, 3pl",I_you,3pl
Belova_2022_1,Заявление на увольнение пишем я и ты.,5.0,5.0,coordination,stimul,15.0,"I_you, 1pl",I_you,1pl
Belova_2022_1,Гречку на костре варят я и ты.,2.9285714285714284,3.0,coordination,stimul,13.0,"I_you, 3pl",I_you,3pl
Belova_2022_1,Стены под покраску ровняют я и ты.,3.0,3.0,coordination,stimul,21.0,"I_you, 3pl",I_you,3pl
Belova_2022_1,Цепочку у ломбарда выкупаем ты и я.,3.6875,4.0,coordination,stimul,8.0,"you_I, 1pl",you_I,1pl
Belova_2022_1,Снежинки из бумаги вырезаем я и ты.,5.2631578947368425,5.0,coordination,stimul,32.0,"I_you, 1pl",I_you,1pl
Belova_2022_1,Билет на самолёт берёшь ты и я.,3.2666666666666666,3.0,coordination,stimul,14.0,"you_I, 2sg",you_I,2sg
Belova_2022_1,Грядку под редис копают я и ты.,3.1666666666666665,3.0,coordination,stimul,24.0,"I_you, 3pl",I_you,3pl
Belova_2022_1,Ключи от квартиры ищут ты и я.,2.4761904761904763,2.0,coordination,stimul,12.0,"you_I, 3pl",you_I,3pl
Belova_2022_1,Шкафчик для посуды чинят я и ты.,3.0,3.0,coordination,stimul,4.0,"I_you, 3pl",I_you,3pl
Belova_2022_1,Вчера Яна опоздали на поезд и самолёте.,1.465648854961832,1.0,bad,filler,,bad,,
Belova_2022_1,Снежинки из бумаги вырезаешь я и ты.,2.642857142857143,3.0,coordination,stimul,32.0,"I_you, 2sg",I_you,2sg
Belova_2022_1,Подарок для подруги передают я и ты.,2.526315789473684,3.0,coordination,stimul,2.0,"I_you, 3pl",I_you,3pl
Belova_2022_1,Грядку под редис копаешь я и ты.,2.0,2.0,coordination,stimul,24.0,"I_you, 2sg",I_you,2sg
Belova_2022_1,Перекус из овощей готовим я и ты.,4.25,4.0,coordination,stimul,31.0,"I_you, 1pl",I_you,1pl
Belova_2022_1,Сапоги от грязи чистим ты и я.,4.578947368421052,5.0,coordination,stimul,9.0,"you_I, 1pl",you_I,1pl
Belova_2022_1,Участок под огород арендуем ты и я.,5.1,5.0,coordination,stimul,22.0,"you_I, 1pl",you_I,1pl
Belova_2022_1,Аванс за квартиру вносишь я и ты.,2.833333333333333,3.0,coordination,stimul,25.0,"I_you, 2sg",I_you,2sg
Belova_2022_1,Комнату у метро снимаем я и ты.,4.777777777777778,5.0,coordination,stimul,5.0,"I_you, 1pl",I_you,1pl
Belova_2022_1,Деньги в акции вкладываю я и ты.,3.571428571428572,4.0,coordination,stimul,20.0,"I_you, 1sg",I_you,1sg
Belova_2022_1,Машину из сервиса забираю я и ты.,3.2,3.0,coordination,stimul,29.0,"I_you, 1sg",I_you,1sg
Belova_2022_1,Аванс за квартиру вносим я и ты.,4.727272727272728,5.0,coordination,stimul,25.0,"I_you, 1pl",I_you,1pl
Belova_2022_1,Штрафы за парковку платишь ты и я.,3.2142857142857144,3.0,coordination,stimul,28.0,"you_I, 2sg",you_I,2sg
Belova_2022_1,Книги в библиотеку отдаёшь я и ты.,2.571428571428572,3.0,coordination,stimul,18.0,"I_you, 2sg",I_you,2sg
Belova_2022_1,Деньги в акции вкладываем я и ты.,4.761904761904762,5.0,coordination,stimul,20.0,"I_you, 1pl",I_you,1pl
Belova_2022_1,Подарок для подруги передаём я и ты.,4.2631578947368425,4.0,coordination,stimul,2.0,"I_you, 1pl",I_you,1pl
Belova_2022_1,Заявление на увольнение пишем ты и я.,5.0,5.0,coordination,stimul,15.0,"you_I, 1pl",you_I,1pl
Belova_2022_1,Снежинки из бумаги вырезают я и ты.,2.7,3.0,coordination,stimul,32.0,"I_you, 3pl",I_you,3pl
Belova_2022_1,Гречку на костре варишь ты и я.,3.4285714285714284,3.0,coordination,stimul,13.0,"you_I, 2sg",you_I,2sg
Belova_2022_1,В четверг Вася и Дима сделали генеральную уборку.,6.661538461538462,7.0,good,filler,,good,,
Belova_2022_1,Аванс за квартиру вношу я и ты.,3.15,3.0,coordination,stimul,25.0,"I_you, 1sg",I_you,1sg
Belova_2022_1,Поездку на дачу планирую я и ты.,2.85,3.0,coordination,stimul,16.0,"I_you, 1sg",I_you,1sg
Belova_2022_1,Снежинки из бумаги вырезаем ты и я.,4.416666666666667,4.0,coordination,stimul,32.0,"you_I, 1pl",you_I,1pl
Belova_2022_1,Дашину и Митину комнату отремонтировали за лето.,6.419847328244275,6.0,good,filler,,good,,
Belova_2022_1,Комнату у метро снимают ты и я.,2.533333333333333,3.0,coordination,stimul,5.0,"you_I, 3pl",you_I,3pl
Belova_2022_1,Ключи от квартиры ищешь я и ты.,2.473684210526316,2.0,coordination,stimul,12.0,"I_you, 2sg",I_you,2sg
Belova_2022_1,Заявление на увольнение пишешь я и ты.,1.8,2.0,coordination,stimul,15.0,"I_you, 2sg",I_you,2sg
Belova_2022_1,Машину из сервиса забираем я и ты.,4.666666666666667,5.0,coordination,stimul,29.0,"I_you, 1pl",I_you,1pl
Belova_2022_1,Деньги в акции вкладываю ты и я.,3.142857142857143,3.0,coordination,stimul,20.0,"you_I, 1sg",you_I,1sg
Belova_2022_1,Ключи от квартиры ищем я и ты.,4.571428571428571,5.0,coordination,stimul,12.0,"I_you, 1pl",I_you,1pl
Belova_2022_1,Билет на самолёт беру ты и я.,2.6666666666666665,3.0,coordination,stimul,14.0,"you_I, 1sg",you_I,1sg
Belova_2022_1,Шкафчик для посуды чинишь я и ты.,2.857142857142857,3.0,coordination,stimul,4.0,"I_you, 2sg",I_you,2sg
Belova_2022_1,Билет на самолёт берём я и ты.,4.7368421052631575,5.0,coordination,stimul,14.0,"I_you, 1pl",I_you,1pl
Belova_2022_1,Диван в гараж отвозим я и ты.,4.65,5.0,coordination,stimul,17.0,"I_you, 1pl",I_you,1pl
Belova_2022_1,Ключи от квартиры ищем ты и я.,4.785714285714286,5.0,coordination,stimul,12.0,"you_I, 1pl",you_I,1pl
Belova_2022_1,Машину из сервиса забираешь я и ты.,2.0625,2.0,coordination,stimul,29.0,"I_you, 2sg",I_you,2sg
Belova_2022_1,Вечер у соседей проводим я и ты.,3.857142857142857,4.0,coordination,stimul,6.0,"I_you, 1pl",I_you,1pl
Belova_2022_1,Поездку на дачу планируем ты и я.,4.733333333333333,5.0,coordination,stimul,16.0,"you_I, 1pl",you_I,1pl
Belova_2022_1,Духовку от жира отмываем ты и я.,5.0,5.0,coordination,stimul,10.0,"you_I, 1pl",you_I,1pl
Belova_2022_1,Свою гитарой испортила Макар и Алиса.,1.3587786259541983,1.0,bad,filler,,bad,,
Belova_2022_1,Машину из сервиса забирают ты и я.,2.9166666666666665,3.0,coordination,stimul,29.0,"you_I, 3pl",you_I,3pl
Belova_2022_1,В субботу Марина полила цветы и пропылесосила.,5.702290076335878,6.0,good,filler,,good,,
Belova_2022_1,Участок под огород арендуют ты и я.,3.4,3.0,coordination,stimul,22.0,"you_I, 3pl",you_I,3pl
Belova_2022_1,Новый телевизор сломали Никита и Юра.,6.030769230769231,6.0,good,filler,,good,,
Belova_2022_1,Шкафчик для посуды чиню я и ты.,3.526315789473684,4.0,coordination,stimul,4.0,"I_you, 1sg",I_you,1sg
Belova_2022_1,Деньги в акции вкладывают ты и я.,3.0,3.0,coordination,stimul,20.0,"you_I, 3pl",you_I,3pl
Belova_2022_1,Деньги в акции вкладываешь ты и я.,2.35,2.0,coordination,stimul,20.0,"you_I, 2sg",you_I,2sg
Belova_2022_1,Рассвет у озера встречаем ты и я.,5.4,5.0,coordination,stimul,7.0,"you_I, 1pl",you_I,1pl
Belova_2022_1,Реквизит для спектакля готовят я и ты.,3.142857142857143,3.0,coordination,stimul,3.0,"I_you, 3pl",I_you,3pl
Belova_2022_1,Реквизит для спектакля готовлю я и ты.,3.3125,3.0,coordination,stimul,3.0,"I_you, 1sg",I_you,1sg
Belova_2022_1,Поездку на дачу планируешь я и ты.,2.75,3.0,coordination,stimul,16.0,"I_you, 2sg",I_you,2sg
Belova_2022_1,Диван в гараж отвозим ты и я.,4.3125,4.0,coordination,stimul,17.0,"you_I, 1pl",you_I,1pl
Belova_2022_1,Деньги в акции вкладываем ты и я.,3.923076923076923,4.0,coordination,stimul,20.0,"you_I, 1pl",you_I,1pl
Belova_2022_1,Цепочку у ломбарда выкупаю я и ты.,2.6666666666666665,3.0,coordination,stimul,8.0,"I_you, 1sg",I_you,1sg
Belova_2022_1,Штрафы за парковку плачу ты и я.,2.857142857142857,3.0,coordination,stimul,28.0,"you_I, 1sg",you_I,1sg
Belova_2022_1,Вечер у соседей проводят я и ты.,2.6666666666666665,3.0,coordination,stimul,6.0,"I_you, 3pl",I_you,3pl
Belova_2022_1,Подарок для подруги передают ты и я.,2.75,3.0,coordination,stimul,2.0,"you_I, 3pl",you_I,3pl
Belova_2022_1,Сапоги от грязи чистим я и ты.,4.090909090909091,4.0,coordination,stimul,9.0,"I_you, 1pl",I_you,1pl
Belova_2022_1,В марте и апрелю Тася прошли стажировку.,1.916030534351145,2.0,bad,filler,,bad,,
Belova_2022_1,Перекус из овощей готовлю я и ты.,3.631578947368421,4.0,coordination,stimul,31.0,"I_you, 1sg",I_you,1sg
Belova_2022_1,Машину из сервиса забираешь ты и я.,2.45,2.0,coordination,stimul,29.0,"you_I, 2sg",you_I,2sg
Belova_2022_1,Перекус из овощей готовят я и ты.,2.7142857142857144,3.0,coordination,stimul,31.0,"I_you, 3pl",I_you,3pl
Belova_2022_1,Книги в библиотеку отдают я и ты.,2.5625,3.0,coordination,stimul,18.0,"I_you, 3pl",I_you,3pl
Belova_2022_1,Заявление на увольнение пишут я и ты.,3.0,3.0,coordination,stimul,15.0,"I_you, 3pl",I_you,3pl
Belova_2022_1,Телевизор для бабушки покупаем ты и я.,4.2631578947368425,4.0,coordination,stimul,1.0,"you_I, 1pl",you_I,1pl
Belova_2022_1,Крепость из снега строишь ты и я.,2.9166666666666665,3.0,coordination,stimul,30.0,"you_I, 2sg",you_I,2sg
Belova_2022_1,Цветы на стеной нарисовал Арина и Аля.,1.7251908396946565,2.0,bad,filler,,bad,,
Belova_2022_1,Вечер у соседей проводят ты и я.,2.421052631578948,2.0,coordination,stimul,6.0,"you_I, 3pl",you_I,3pl
Belova_2022_1,Реквизит для спектакля готовят ты и я.,3.0,3.0,coordination,stimul,3.0,"you_I, 3pl",you_I,3pl
Belova_2022_1,Долги за семестр закрывают я и ты.,2.5625,3.0,coordination,stimul,27.0,"I_you, 3pl",I_you,3pl
Belova_2022_1,Комнату у метро снимаешь ты и я.,3.533333333333333,4.0,coordination,stimul,5.0,"you_I, 2sg",you_I,2sg
Belova_2022_1,На рыбалке Костя поймал щуку и окуня.,6.458015267175573,6.0,good,filler,,good,,
Belova_2022_1,Книги в библиотеку отдаёшь ты и я.,3.142857142857143,3.0,coordination,stimul,18.0,"you_I, 2sg",you_I,2sg
