experiment,sentence,response,response_round,subtype,type,lexicalization,sentence_id,head_noun,agreement,quant,head_case,head_gender
Dorofeeva_2023,"Каждая сотрудница, кто поступил на должность бухгалтера, осваивает новую программу.",4.285714285714286,4.0,relative_clauses,stimul,7,7,yes,masculine,kazhdyj,nominative,feminine
Dorofeeva_2023,"Каждая школьница, кто был на уроке труда, ест приготовленный суп.",2.0,2.0,relative_clauses,stimul,22,22,yes,masculine,kazhdyj,nominative,feminine
Dorofeeva_2023,"Каждая певица, кто приехал на шоу талантов, благодарит понимающего ведущего.",3.0,3.0,relative_clauses,stimul,10,10,yes,masculine,kazhdyj,nominative,feminine
Dorofeeva_2023,"Каждый, кто подрабатывал в отделе игрушек, распознаёт китайскую подделку.",5.769230769230769,6.0,relative_clauses,stimul,36,360,no,masculine,kazhdyj,nominative,masculine
Dorofeeva_2023,"Каждый юноша, кто пострадал от чистки лица, проклинает нового косметолога.",4.375,4.0,relative_clauses,stimul,18,306,yes,masculine,kazhdyj,nominative,masculine
Dorofeeva_2023,"Каждого, кто трудился на производстве чугуна, ждёт большая пенсия.",7.0,7.0,relative_clauses,stimul,20,416,no,masculine,kazhdyj,accusative,masculine
Dorofeeva_2023,"Каждого, кто остался в поселении старообрядцев, кормит собственное хозяйство.",5.888888888888889,6.0,relative_clauses,stimul,28,424,no,masculine,kazhdyj,accusative,masculine
Dorofeeva_2023,"Каждая дама, на кого смотрел таинственного гость, носит напудренный парик.",3.0505050505050506,3.0,bad,filler,37,524,,,,,
Dorofeeva_2023,"Каждую, кто поступила на должность бухгалтера, выручает новая программа.",3.25,3.0,relative_clauses,stimul,7,259,no,feminine,kazhdyj,accusative,feminine
Dorofeeva_2023,"Каждая учительница, кто преподавала в классе коррекции, имеет медицинское образование.",3.5,4.0,relative_clauses,stimul,21,93,yes,feminine,kazhdyj,nominative,feminine
Dorofeeva_2023,"Каждая, кто бывал в столице Китая, любит местную кухню.",5.0,5.0,relative_clauses,stimul,15,51,no,masculine,kazhdyj,nominative,feminine
Dorofeeva_2023,"Каждый, кто остался в поселении старообрядцев, ведёт собственное хозяйство.",6.5,6.0,relative_clauses,stimul,28,352,no,masculine,kazhdyj,nominative,masculine
Dorofeeva_2023,"Каждый преступник, кто воровал в магазине продуктов, отрицает совершённое преступление.",5.0,5.0,relative_clauses,stimul,14,302,yes,masculine,kazhdyj,nominative,masculine
Dorofeeva_2023,"Каждый, кто бывал в столице Китая, любит местную кухню.",6.571428571428571,7.0,relative_clauses,stimul,15,339,no,masculine,kazhdyj,nominative,masculine
Dorofeeva_2023,"Каждый, кто прошёл в финал конкурса, выигрывает гарантированный приз.",5.428571428571429,5.0,relative_clauses,stimul,2,326,no,masculine,kazhdyj,nominative,masculine
Dorofeeva_2023,"Каждый студент, кто участвовал в конференции института, изучает теоретическую физику.",4.25,4.0,relative_clauses,stimul,3,291,yes,masculine,kazhdyj,nominative,masculine
Dorofeeva_2023,"Каждого заводчика, кто пришёл на выставку собак, сопровождает померанский шпиц.",3.7142857142857135,4.0,relative_clauses,stimul,12,372,yes,masculine,kazhdyj,accusative,masculine
Dorofeeva_2023,"Каждая, кто зарегистрировался на сайте знакомств, ищет подходящего партнёра.",5.875,6.0,relative_clauses,stimul,19,55,no,masculine,kazhdyj,nominative,feminine
Dorofeeva_2023,"Каждый, в кого была влюблена юная актриса, играет главную роль.",4.96,5.0,bad,filler,37,508,,,,,
Dorofeeva_2023,"Каждая, к кому попадала фарфоровая кукла, бережёт дорогим подарок.",2.292929292929293,2.0,bad,filler,37,522,,,,,
Dorofeeva_2023,"Каждая актриса, кто сыграл в картине режиссёра, получает золотую статуэтку.",3.0,3.0,relative_clauses,stimul,1,1,yes,masculine,kazhdyj,nominative,feminine
Dorofeeva_2023,"Каждый, кто явился на собрание родителей, расспрашивает классного руководителя.",6.142857142857143,6.0,relative_clauses,stimul,34,358,no,masculine,kazhdyj,nominative,masculine
Dorofeeva_2023,"Каждая девочка, кто прокатился на спине гиппопотама, хочет игрушечного бегемота.",5.5,6.0,relative_clauses,stimul,32,32,yes,masculine,kazhdyj,nominative,feminine
Dorofeeva_2023,"Каждую женщину, кто позанимался в студии йоги, отличает душевное равновесие.",5.125,5.0,relative_clauses,stimul,4,148,yes,masculine,kazhdyj,accusative,feminine
Dorofeeva_2023,"Каждая, к кому отошло огромное наследство, покупает новую квартиру.",5.131313131313132,5.0,good,filler,37,521,,,,,
Dorofeeva_2023,"Каждого, кто ночевал в общежитии университета, возмущает любое неудобство.",6.555555555555555,7.0,relative_clauses,stimul,6,402,no,masculine,kazhdyj,accusative,masculine
Dorofeeva_2023,"Каждый, кто ночевал в общежитии университета, терпит любое неудобство.",4.888888888888889,5.0,relative_clauses,stimul,6,330,no,masculine,kazhdyj,nominative,masculine
Dorofeeva_2023,"Каждая, благодаря кому открылась картинная галерея, обожает современное искусство.",4.888888888888889,5.0,good,filler,37,525,,,,,
Dorofeeva_2023,"Каждая москвичка, кто жила в центре города, ненавидит ночной шум.",4.142857142857143,4.0,relative_clauses,stimul,8,80,yes,feminine,kazhdyj,nominative,feminine
Dorofeeva_2023,"Каждого россиянина, кто бывал в столице Китая, восхищает местная кухня.",5.8,6.0,relative_clauses,stimul,15,375,yes,masculine,kazhdyj,accusative,masculine
Dorofeeva_2023,"Каждая, кто позанимался в студии йоги, обретает душевное равновесие.",3.888888888888889,4.0,relative_clauses,stimul,4,40,no,masculine,kazhdyj,nominative,feminine
Dorofeeva_2023,"Каждую аспирантку, кто сходил на семинар профессора, смущает изложенная теория.",4.25,4.0,relative_clauses,stimul,26,170,yes,masculine,kazhdyj,accusative,feminine
Dorofeeva_2023,"Каждая, кто ночевала в общежитии университета, терпит любое неудобство.",4.769230769230769,5.0,relative_clauses,stimul,6,114,no,feminine,kazhdyj,nominative,feminine
Dorofeeva_2023,"Каждый поэт, кто публиковался в спецвыпуске журнала, демонстрирует оригинальный стиль.",5.7,6.0,relative_clauses,stimul,29,317,yes,masculine,kazhdyj,nominative,masculine
Dorofeeva_2023,"Каждая заводчица, кто пришла на выставку собак, держит померанского шпица.",2.0,2.0,relative_clauses,stimul,12,84,yes,feminine,kazhdyj,nominative,feminine
Dorofeeva_2023,"Каждая поэтесса, кто публиковалась в спецвыпуске журнала, демонстрирует оригинальный стиль.",4.857142857142857,5.0,relative_clauses,stimul,29,101,yes,feminine,kazhdyj,nominative,feminine
Dorofeeva_2023,"Каждую, о ком написал ехидный автор, узнаёт подкованный читатель.",5.26,5.0,good,filler,37,535,,,,,
Dorofeeva_2023,"Каждый, кто участвовал в конференции института, изучает теоретическую физику.",5.857142857142857,6.0,relative_clauses,stimul,3,327,no,masculine,kazhdyj,nominative,masculine
Dorofeeva_2023,"Каждую ученицу, кто опоздал к началу урока, выгоняет сердитая учительница.",3.857142857142857,4.0,relative_clauses,stimul,30,174,yes,masculine,kazhdyj,accusative,feminine
Dorofeeva_2023,"Каждая, кто сыграл в картине режиссёра, получает золотую статуэтку.",4.285714285714286,4.0,relative_clauses,stimul,1,37,no,masculine,kazhdyj,nominative,feminine
Dorofeeva_2023,"Каждую россиянку, кто бывал в столице Китая, восхищает местная кухня.",2.857142857142857,3.0,relative_clauses,stimul,15,159,yes,masculine,kazhdyj,accusative,feminine
Dorofeeva_2023,"Каждую журналистку, кто служил в редакции издания, удручает сложившаяся ситуация.",5.142857142857143,5.0,relative_clauses,stimul,16,160,yes,masculine,kazhdyj,accusative,feminine
Dorofeeva_2023,"Каждого альпиниста, кто взошёл на пик Эвереста, уважают бывалые скалолазы.",6.571428571428571,7.0,relative_clauses,stimul,33,393,yes,masculine,kazhdyj,accusative,masculine
Dorofeeva_2023,"Каждого поэта, кто публиковался в спецвыпуске журнала, отличает оригинальный стиль.",5.444444444444445,5.0,relative_clauses,stimul,29,389,yes,masculine,kazhdyj,accusative,masculine
Dorofeeva_2023,"Каждую, кто исповедовался в присутствии настоятеля, мучает тяжкий грех.",5.875,6.0,relative_clauses,stimul,27,207,no,masculine,kazhdyj,accusative,feminine
Dorofeeva_2023,"Каждая, кто поступила на должность бухгалтера, осваивает новую программу.",5.0,5.0,relative_clauses,stimul,7,115,no,feminine,kazhdyj,nominative,feminine
Dorofeeva_2023,"Каждую туристку, кто ночевал в общежитии университета, возмущает любое неудобство.",3.6666666666666665,4.0,relative_clauses,stimul,6,150,yes,masculine,kazhdyj,accusative,feminine
Dorofeeva_2023,"Каждая художница, кто заходила на аукцион антиквариата, носит необычный шарф.",4.461538461538462,4.0,relative_clauses,stimul,31,103,yes,feminine,kazhdyj,nominative,feminine
Dorofeeva_2023,"Каждая, кто жил в центре города, ненавидит ночной шум.",3.0,3.0,relative_clauses,stimul,8,44,no,masculine,kazhdyj,nominative,feminine
Dorofeeva_2023,"Каждая, кто приехал на шоу талантов, благодарит понимающего ведущего.",3.375,3.0,relative_clauses,stimul,10,46,no,masculine,kazhdyj,nominative,feminine
Dorofeeva_2023,"Каждый сотрудник, кто поступил на должность бухгалтера, осваивает новую программу.",5.0,5.0,relative_clauses,stimul,7,295,yes,masculine,kazhdyj,nominative,masculine
Dorofeeva_2023,"Каждую прихожанку, кто исповедовался в присутствии настоятеля, мучает тяжкий грех.",5.714285714285714,6.0,relative_clauses,stimul,27,171,yes,masculine,kazhdyj,accusative,feminine
Dorofeeva_2023,"Каждого, к кому приезжал богатый родственник, гложет чёрная зависть.",5.683168316831683,6.0,good,filler,37,505,,,,,
Dorofeeva_2023,"Каждый работник, кто трудился на производстве чугуна, получает большую пенсию.",5.285714285714286,5.0,relative_clauses,stimul,20,308,yes,masculine,kazhdyj,nominative,masculine
Dorofeeva_2023,"Каждого, кто преуспел в пошиве халатов, ожидает досрочное освобождение.",5.428571428571429,5.0,relative_clauses,stimul,23,419,no,masculine,kazhdyj,accusative,masculine
Dorofeeva_2023,"Каждая, кто прошла в финал конкурса, выигрывает гарантированный приз.",4.666666666666667,5.0,relative_clauses,stimul,2,110,no,feminine,kazhdyj,nominative,feminine
Dorofeeva_2023,"Каждая, кто бывала в столице Китая, любит местную кухню.",4.375,4.0,relative_clauses,stimul,15,123,no,feminine,kazhdyj,nominative,feminine
Dorofeeva_2023,"Каждый, кто дежурил на месте катастрофы, демонстрирует невероятную смелость.",5.25,5.0,relative_clauses,stimul,5,329,no,masculine,kazhdyj,nominative,masculine
Dorofeeva_2023,"Каждая туристка, кто ночевал в общежитии университета, терпит любое неудобство.",2.25,2.0,relative_clauses,stimul,6,6,yes,masculine,kazhdyj,nominative,feminine
Dorofeeva_2023,"Каждая, кто явилась на собрание родителей, расспрашивает классного руководителя.",3.9,4.0,relative_clauses,stimul,34,142,no,feminine,kazhdyj,nominative,feminine
Dorofeeva_2023,"Каждую танцовщицу, о ком повествовал уволенный костюмер, знает всему город.",1.98,2.0,bad,filler,37,534,,,,,
Dorofeeva_2023,"Каждую ученицу, кто опоздала к началу урока, выгоняет сердитая учительница.",4.857142857142857,5.0,relative_clauses,stimul,30,246,yes,feminine,kazhdyj,accusative,feminine
Dorofeeva_2023,"Каждый, кто сыграл в картине режиссёра, получает золотую статуэтку.",5.285714285714286,5.0,relative_clauses,stimul,1,325,no,masculine,kazhdyj,nominative,masculine
Dorofeeva_2023,"Каждого приглашённого, о ком вспомнил рассеянному хозяин, уведомляет быстроногий гонец.",1.8979591836734693,2.0,bad,filler,37,514,,,,,
Dorofeeva_2023,"Каждая, кто взошла на пик Эвереста, уважает бывалых скалолазов.",5.714285714285714,6.0,relative_clauses,stimul,33,141,no,feminine,kazhdyj,nominative,feminine
Dorofeeva_2023,"Каждую учительницу, кто преподавала в классе коррекции, ценит школьное руководство.",4.0,4.0,relative_clauses,stimul,21,237,yes,feminine,kazhdyj,accusative,feminine
Dorofeeva_2023,"Каждого, кто участвовал в конференции института, привлекает теоретическая физика.",4.375,4.0,relative_clauses,stimul,3,399,no,masculine,kazhdyj,accusative,masculine
Dorofeeva_2023,"Каждый, кто пришёл на выставку собак, держит померанского шпица.",5.769230769230769,6.0,relative_clauses,stimul,12,336,no,masculine,kazhdyj,nominative,masculine
Dorofeeva_2023,"Каждого, кто приехал на шоу талантов, поддерживает понимающий ведущий.",5.615384615384615,6.0,relative_clauses,stimul,10,406,no,masculine,kazhdyj,accusative,masculine
Dorofeeva_2023,"Каждую, кто пришла на выставку собак, сопровождает померанский шпиц.",3.2857142857142856,3.0,relative_clauses,stimul,12,264,no,feminine,kazhdyj,accusative,feminine
Dorofeeva_2023,"Каждый, кто позанимался в студии йоги, обретает душевное равновесие.",6.1,6.0,relative_clauses,stimul,4,328,no,masculine,kazhdyj,nominative,masculine
Dorofeeva_2023,"Каждая женщина, кто позанимался в студии йоги, обретает душевное равновесие.",3.2857142857142856,3.0,relative_clauses,stimul,4,4,yes,masculine,kazhdyj,nominative,feminine
Dorofeeva_2023,"Каждого актёра, кто сыграл в картине режиссёра, награждает Американская киноакадемия.",4.625,5.0,relative_clauses,stimul,1,361,yes,masculine,kazhdyj,accusative,masculine
Dorofeeva_2023,"Каждую, кто пришёл на выставку собак, сопровождает померанский шпиц.",4.111111111111111,4.0,relative_clauses,stimul,12,192,no,masculine,kazhdyj,accusative,feminine
Dorofeeva_2023,"Каждая заводчица, кто пришёл на выставку собак, держит померанского шпица.",2.5,2.0,relative_clauses,stimul,12,12,yes,masculine,kazhdyj,nominative,feminine
Dorofeeva_2023,"Каждую, кто явился на собрание родителей, расспрашивает классный руководитель.",4.666666666666667,5.0,relative_clauses,stimul,34,214,no,masculine,kazhdyj,accusative,feminine
Dorofeeva_2023,"Каждую, кто бывал в столице Китая, восхищает местная кухня.",5.5,6.0,relative_clauses,stimul,15,195,no,masculine,kazhdyj,accusative,feminine
Dorofeeva_2023,"Каждая сотрудница, кто поступила на должность бухгалтера, осваивает новую программу.",3.692307692307693,4.0,relative_clauses,stimul,7,79,yes,feminine,kazhdyj,nominative,feminine
Dorofeeva_2023,"Каждого, кто жил в центре города, раздражает ночной шум.",7.0,7.0,relative_clauses,stimul,8,404,no,masculine,kazhdyj,accusative,masculine
Dorofeeva_2023,"Каждый заводчик, кто пришёл на выставку собак, держит померанского шпица.",3.625,4.0,relative_clauses,stimul,12,300,yes,masculine,kazhdyj,nominative,masculine
Dorofeeva_2023,"Каждую, к кому пришла страшная беда, поддерживает опытный психолог.",5.212121212121212,5.0,good,filler,37,523,,,,,
Dorofeeva_2023,"Каждую пострадавшую, в кого врезался пьяный водитель, осматривает молодому травматолог.",1.87,2.0,bad,filler,37,526,,,,,
Dorofeeva_2023,"Каждую туристку, кто ночевала в общежитии университета, возмущает любое неудобство.",3.4285714285714284,3.0,relative_clauses,stimul,6,222,yes,feminine,kazhdyj,accusative,feminine
Dorofeeva_2023,"Каждый мужчина, кто позанимался в студии йоги, обретает душевное равновесие.",4.428571428571429,4.0,relative_clauses,stimul,4,292,yes,masculine,kazhdyj,nominative,masculine
Dorofeeva_2023,"Каждая мать, кто явилась на собрание родителей, расспрашивает классного руководителя.",4.142857142857143,4.0,relative_clauses,stimul,34,106,yes,feminine,kazhdyj,nominative,feminine
Dorofeeva_2023,"Каждый пациент, кто лежал в отделении кардиологии, соблюдает врачебные предписания.",5.5,6.0,relative_clauses,stimul,24,312,yes,masculine,kazhdyj,nominative,masculine
Dorofeeva_2023,"Каждую, кто участвовала в конференции института, привлекает теоретическая физика.",3.333333333333333,3.0,relative_clauses,stimul,3,255,no,feminine,kazhdyj,accusative,feminine
Dorofeeva_2023,"Каждого аспиранта, кто сходил на семинар профессора, смущает изложенная теория.",5.166666666666667,5.0,relative_clauses,stimul,26,386,yes,masculine,kazhdyj,accusative,masculine
Dorofeeva_2023,"Каждая преступница, кто воровала в магазине продуктов, отрицает совершённое преступление.",4.142857142857143,4.0,relative_clauses,stimul,14,86,yes,feminine,kazhdyj,nominative,feminine
Dorofeeva_2023,"Каждый, кто отобрался в сборную страны, выбирает опытного тренера.",5.375,5.0,relative_clauses,stimul,11,335,no,masculine,kazhdyj,nominative,masculine
Dorofeeva_2023,"Каждая, кто служила в редакции издания, комментирует сложившуюся ситуацию.",5.25,5.0,relative_clauses,stimul,16,124,no,feminine,kazhdyj,nominative,feminine
Dorofeeva_2023,"Каждая, кто прокатился на спине гиппопотама, хочет игрушечного бегемота.",4.25,4.0,relative_clauses,stimul,32,68,no,masculine,kazhdyj,nominative,feminine
Dorofeeva_2023,"Каждый медбрат, кто дежурил на месте катастрофы, демонстрирует невероятную смелость.",4.8,5.0,relative_clauses,stimul,5,293,yes,masculine,kazhdyj,nominative,masculine
Dorofeeva_2023,"Каждую, кто готовила на кухне детсада, хвалит проголодавшийся воспитатель.",3.125,3.0,relative_clauses,stimul,13,265,no,feminine,kazhdyj,accusative,feminine
Dorofeeva_2023,"Каждый секретарь, кто уволился из отдела кадров, ругает жестокого начальника.",4.857142857142857,5.0,relative_clauses,stimul,35,323,yes,masculine,kazhdyj,nominative,masculine
Dorofeeva_2023,"Каждую художницу, кто заходил на аукцион антиквариата, украшает необычный шарф.",3.625,4.0,relative_clauses,stimul,31,175,yes,masculine,kazhdyj,accusative,feminine
Dorofeeva_2023,"Каждая магистрантка, кто отучилась на факультете политики, помнит молодого преподавателя.",4.0,4.0,relative_clauses,stimul,9,81,yes,feminine,kazhdyj,nominative,feminine
Dorofeeva_2023,"Каждую школьницу, кто был на уроке труда, радует приготовленный суп.",4.75,5.0,relative_clauses,stimul,22,166,yes,masculine,kazhdyj,accusative,feminine
Dorofeeva_2023,"Каждая продавщица, кто подрабатывала в отделе игрушек, распознаёт китайскую подделку.",4.0,4.0,relative_clauses,stimul,36,108,yes,feminine,kazhdyj,nominative,feminine
Dorofeeva_2023,"Каждый, кто сходил на семинар профессора, критикует изложенную теорию.",6.0,6.0,relative_clauses,stimul,26,350,no,masculine,kazhdyj,nominative,masculine
Dorofeeva_2023,"Каждая, кто пришла на вечер танцев, сопровождает изящного кавалера.",4.0,4.0,relative_clauses,stimul,25,133,no,feminine,kazhdyj,nominative,feminine
Dorofeeva_2023,"Каждую спортсменку, кто отобралась в сборную страны, готовит опытный тренер.",4.125,4.0,relative_clauses,stimul,11,227,yes,feminine,kazhdyj,accusative,feminine
Dorofeeva_2023,"Каждую, кто служил в редакции издания, удручает сложившаяся ситуация.",3.615384615384616,4.0,relative_clauses,stimul,16,196,no,masculine,kazhdyj,accusative,feminine
Dorofeeva_2023,"Каждая спортсменка, кто отобралась в сборную страны, выбирает опытного тренера.",3.6,4.0,relative_clauses,stimul,11,83,yes,feminine,kazhdyj,nominative,feminine
Dorofeeva_2023,"Каждого прихожанина, кто исповедовался в присутствии настоятеля, мучает тяжкий грех.",5.888888888888889,6.0,relative_clauses,stimul,27,387,yes,masculine,kazhdyj,accusative,masculine
Dorofeeva_2023,"Каждый, кто преуспел в пошиве халатов, ожидает досрочное освобождение.",3.875,4.0,relative_clauses,stimul,23,347,no,masculine,kazhdyj,nominative,masculine
Dorofeeva_2023,"Каждый заключённый, кто преуспел в пошиве халатов, ожидает досрочное освобождения.",2.4285714285714284,2.0,relative_clauses,stimul,23,311,yes,masculine,kazhdyj,nominative,masculine
Dorofeeva_2023,"Каждая массажистка, на кого была подана длинная жалоба, обвиняет недовольному клиента.",2.13265306122449,2.0,bad,filler,37,530,,,,,
Dorofeeva_2023,"Каждая журналистка, кто служила в редакции издания, комментирует сложившуюся ситуацию.",3.857142857142857,4.0,relative_clauses,stimul,16,88,yes,feminine,kazhdyj,nominative,feminine
Dorofeeva_2023,"Каждая участница, кто прошёл в финал конкурса, выигрывает гарантированный приз.",3.5,4.0,relative_clauses,stimul,2,2,yes,masculine,kazhdyj,nominative,feminine
Dorofeeva_2023,"Каждого секретаря, кто уволился из отдела кадров, бранит жестокий начальник.",5.384615384615385,5.0,relative_clauses,stimul,35,395,yes,masculine,kazhdyj,accusative,masculine
Dorofeeva_2023,"Каждая, кто готовил на кухне детсада, делает изумительную кашу.",2.875,3.0,relative_clauses,stimul,13,49,no,masculine,kazhdyj,nominative,feminine
Dorofeeva_2023,"Каждая пациентка, кто лежал в отделении кардиологии, соблюдает врачебные предписания.",5.333333333333333,5.0,relative_clauses,stimul,24,24,yes,masculine,kazhdyj,nominative,feminine
Dorofeeva_2023,"Каждая, кто воровал в магазине продуктов, отрицает совершённое преступление.",2.4444444444444446,2.0,relative_clauses,stimul,14,50,no,masculine,kazhdyj,nominative,feminine
Dorofeeva_2023,"Каждую, кто дежурила на месте катастрофы, выделяет невероятная смелость.",3.7142857142857135,4.0,relative_clauses,stimul,5,257,no,feminine,kazhdyj,accusative,feminine
Dorofeeva_2023,"Каждую москвичку, кто жила в центре города, раздражает ночной шум.",2.5,2.0,relative_clauses,stimul,8,224,yes,feminine,kazhdyj,accusative,feminine
Dorofeeva_2023,"Каждого, кто взошёл на пик Эвереста, уважают бывалые скалолазы.",6.5,6.0,relative_clauses,stimul,33,429,no,masculine,kazhdyj,accusative,masculine
Dorofeeva_2023,"Каждый, кто поступил на должность бухгалтера, осваивает новую программу.",6.428571428571429,6.0,relative_clauses,stimul,7,331,no,masculine,kazhdyj,nominative,masculine
Dorofeeva_2023,"Каждая, кто заходил на аукцион антиквариата, носит необычный шарф.",4.125,4.0,relative_clauses,stimul,31,67,no,masculine,kazhdyj,nominative,feminine
Dorofeeva_2023,"Каждую секретаршу, кто уволился из отдела кадров, бранит жестокий начальник.",3.6666666666666665,4.0,relative_clauses,stimul,35,179,yes,masculine,kazhdyj,accusative,feminine
Dorofeeva_2023,"Каждую, кто публиковалась в спецвыпуске журнала, отличает оригинальный стиль.",5.428571428571429,5.0,relative_clauses,stimul,29,281,no,feminine,kazhdyj,accusative,feminine
Dorofeeva_2023,"Каждую, кто жил в центре города, раздражает ночной шум.",4.1,4.0,relative_clauses,stimul,8,188,no,masculine,kazhdyj,accusative,feminine
Dorofeeva_2023,"Каждую, кто был на уроке труда, радует приготовленный суп.",4.0,4.0,relative_clauses,stimul,22,202,no,masculine,kazhdyj,accusative,feminine
Dorofeeva_2023,"Каждую девушку, кто пострадал от чистки лица, беспокоит новый косметолог.",4.333333333333333,4.0,relative_clauses,stimul,18,162,yes,masculine,kazhdyj,accusative,feminine
Dorofeeva_2023,"Каждого, благодаря кому прошла предвыборная кампания, благодарит победивший кандидат.",4.597938144329897,5.0,good,filler,37,503,,,,,
Dorofeeva_2023,"Каждая, кто осталась в поселении старообрядцев, ведёт собственное хозяйство.",5.0,5.0,relative_clauses,stimul,28,136,no,feminine,kazhdyj,nominative,feminine
Dorofeeva_2023,"Каждую актрису, кто сыграл в картине режиссёра, награждает Американская киноакадемия.",3.6666666666666665,4.0,relative_clauses,stimul,1,145,yes,masculine,kazhdyj,accusative,feminine
Dorofeeva_2023,"Каждого пользователя, кто зарегистрировался на сайте знакомств, устраивает подобранный партнёр.",5.666666666666667,6.0,relative_clauses,stimul,19,379,yes,masculine,kazhdyj,accusative,masculine
Dorofeeva_2023,"Каждая аспирантка, кто сходила на семинар профессора, критикует изложенную теорию.",4.428571428571429,4.0,relative_clauses,stimul,26,98,yes,feminine,kazhdyj,nominative,feminine
Dorofeeva_2023,"Каждая, кто поступил на должность бухгалтера, осваивает новую программу.",4.25,4.0,relative_clauses,stimul,7,43,no,masculine,kazhdyj,nominative,feminine
Dorofeeva_2023,"Каждая продавщица, кто подрабатывал в отделе игрушек, распознаёт китайскую подделку.",5.142857142857143,5.0,relative_clauses,stimul,36,36,yes,masculine,kazhdyj,nominative,feminine
Dorofeeva_2023,"Каждая журналистка, кто служил в редакции издания, комментирует сложившуюся ситуацию.",3.571428571428572,4.0,relative_clauses,stimul,16,16,yes,masculine,kazhdyj,nominative,feminine
Dorofeeva_2023,"Каждый, о ком вспомнил старый командир, выручает больного товарища.",4.806122448979592,5.0,good,filler,37,515,,,,,
Dorofeeva_2023,"Каждую, кто опоздал к началу урока, выгоняет сердитая учительница.",4.5,4.0,relative_clauses,stimul,30,210,no,masculine,kazhdyj,accusative,feminine
Dorofeeva_2023,"Каждая альпинистка, кто взошёл на пик Эвереста, уважает бывалых скалолазов.",4.0,4.0,relative_clauses,stimul,33,33,yes,masculine,kazhdyj,nominative,feminine
Dorofeeva_2023,"Каждую, кто подрабатывала в отделе игрушек, настораживает китайская подделка.",4.714285714285714,5.0,relative_clauses,stimul,36,288,no,feminine,kazhdyj,accusative,feminine
Dorofeeva_2023,"Каждая старушка, кто остался в поселении старообрядцев, ведёт собственное хозяйство.",5.285714285714286,5.0,relative_clauses,stimul,28,28,yes,masculine,kazhdyj,nominative,feminine
Dorofeeva_2023,"Каждая, кто подрабатывал в отделе игрушек, распознаёт китайскую подделку.",4.5,4.0,relative_clauses,stimul,36,72,no,masculine,kazhdyj,nominative,feminine
Dorofeeva_2023,"Каждую участницу, кто прошла в финал конкурса, ждёт гарантированный приз.",4.375,4.0,relative_clauses,stimul,2,218,yes,feminine,kazhdyj,accusative,feminine
Dorofeeva_2023,"Каждую, кто взошла на пик Эвереста, уважают бывалые скалолазы.",5.0,5.0,relative_clauses,stimul,33,285,no,feminine,kazhdyj,accusative,feminine
Dorofeeva_2023,"Каждая москвичка, кто жил в центре города, ненавидит ночной шум.",4.428571428571429,4.0,relative_clauses,stimul,8,8,yes,masculine,kazhdyj,nominative,feminine
Dorofeeva_2023,"Каждого юношу, кто пострадал от чистки лица, беспокоит новый косметолог.",3.857142857142857,4.0,relative_clauses,stimul,18,378,yes,masculine,kazhdyj,accusative,masculine
Dorofeeva_2023,"Каждую журналистку, кто служила в редакции издания, удручает сложившаяся ситуация.",3.4285714285714284,3.0,relative_clauses,stimul,16,232,yes,feminine,kazhdyj,accusative,feminine
Dorofeeva_2023,"Каждая мать, кто явился на собрание родителей, расспрашивает классного руководителя.",2.6666666666666665,3.0,relative_clauses,stimul,34,34,yes,masculine,kazhdyj,nominative,feminine
Dorofeeva_2023,"Каждая дама, кто пришла на вечер танцев, сопровождает изящного кавалера.",3.6666666666666665,4.0,relative_clauses,stimul,25,97,yes,feminine,kazhdyj,nominative,feminine
Dorofeeva_2023,"Каждый, к кому обращалась несчастная девушка, читает ненужные морали.",5.71,6.0,good,filler,37,519,,,,,
Dorofeeva_2023,"Каждая, кто отучилась на факультете политики, помнит молодого преподавателя.",4.857142857142857,5.0,relative_clauses,stimul,9,117,no,feminine,kazhdyj,nominative,feminine
Dorofeeva_2023,"Каждую девушку, кто пострадала от чистки лица, беспокоит новый косметолог.",3.2857142857142856,3.0,relative_clauses,stimul,18,234,yes,feminine,kazhdyj,accusative,feminine
Dorofeeva_2023,"Каждый, кто лежал в отделении кардиологии, соблюдает врачебные предписания.",6.461538461538462,6.0,relative_clauses,stimul,24,348,no,masculine,kazhdyj,nominative,masculine
Dorofeeva_2023,"Каждая, кто преподавал в классе коррекции, имеет медицинское образование.",4.428571428571429,4.0,relative_clauses,stimul,21,57,no,masculine,kazhdyj,nominative,feminine
Dorofeeva_2023,"Каждая, кто пострадал от чистки лица, проклинает нового косметолога.",5.142857142857143,5.0,relative_clauses,stimul,18,54,no,masculine,kazhdyj,nominative,feminine
Dorofeeva_2023,"Каждый актёр, кто сыграл в картине режиссёра, получает золотую статуэтку.",5.076923076923077,5.0,relative_clauses,stimul,1,289,yes,masculine,kazhdyj,nominative,masculine
Dorofeeva_2023,"Каждую, кто прошла в финал конкурса, ждёт гарантированный приз.",4.846153846153846,5.0,relative_clauses,stimul,2,254,no,feminine,kazhdyj,accusative,feminine
Dorofeeva_2023,"Каждый, кто исповедовался в присутствии настоятеля, замаливает тяжкий грех.",6.142857142857143,6.0,relative_clauses,stimul,27,351,no,masculine,kazhdyj,nominative,masculine
Dorofeeva_2023,"Каждый, на кого легла большая ответственность, теряет спокойный сон.",6.03,6.0,good,filler,37,509,,,,,
Dorofeeva_2023,"Каждую, кто прибыла на берег океана, охватывает незабываемое ощущение.",3.8333333333333335,4.0,relative_clauses,stimul,17,269,no,feminine,kazhdyj,accusative,feminine
Dorofeeva_2023,"Каждого отца, кто явился на собрание родителей, расспрашивает классный руководитель.",4.875,5.0,relative_clauses,stimul,34,394,yes,masculine,kazhdyj,accusative,masculine
Dorofeeva_2023,"Каждого, кто сходил на семинар профессора, смущает изложенная теория.",6.1,6.0,relative_clauses,stimul,26,422,no,masculine,kazhdyj,accusative,masculine
Dorofeeva_2023,"Каждый, кто уволился из отдела кадров, ругает жестокого начальника.",5.75,6.0,relative_clauses,stimul,35,359,no,masculine,kazhdyj,nominative,masculine
Dorofeeva_2023,"Каждый участник, кто прошёл в финал конкурса, выигрывает гарантированный приз.",5.285714285714286,5.0,relative_clauses,stimul,2,290,yes,masculine,kazhdyj,nominative,masculine
Dorofeeva_2023,"Каждая, кто сыграла в картине режиссёра, получает золотую статуэтку.",4.428571428571429,4.0,relative_clauses,stimul,1,109,no,feminine,kazhdyj,nominative,feminine
Dorofeeva_2023,"Каждый, в кого вложилась амбициозная мать, испытывает огромное давление.",5.555555555555555,6.0,good,filler,37,507,,,,,
Dorofeeva_2023,"Каждую, кто публиковался в спецвыпуске журнала, отличает оригинальный стиль.",5.142857142857143,5.0,relative_clauses,stimul,29,209,no,masculine,kazhdyj,accusative,feminine
Dorofeeva_2023,"Каждую заводчицу, кто пришла на выставку собак, сопровождает померанский шпиц.",3.375,3.0,relative_clauses,stimul,12,228,yes,feminine,kazhdyj,accusative,feminine
Dorofeeva_2023,"Каждую, кто преподавала в классе коррекции, ценит школьное руководство.",4.428571428571429,4.0,relative_clauses,stimul,21,273,no,feminine,kazhdyj,accusative,feminine
Dorofeeva_2023,"Каждого, кто опоздал к началу урока, выгоняет сердитая учительница.",5.888888888888889,6.0,relative_clauses,stimul,30,426,no,masculine,kazhdyj,accusative,masculine
Dorofeeva_2023,"Каждую аспирантку, кто сходила на семинар профессора, смущает изложенная теория.",4.428571428571429,4.0,relative_clauses,stimul,26,242,yes,feminine,kazhdyj,accusative,feminine
Dorofeeva_2023,"Каждая, кто отучился на факультете политики, помнит молодого преподавателя.",4.285714285714286,4.0,relative_clauses,stimul,9,45,no,masculine,kazhdyj,nominative,feminine
Dorofeeva_2023,"Каждую, кто отобрался в сборную страны, готовит опытный тренер.",4.166666666666667,4.0,relative_clauses,stimul,11,191,no,masculine,kazhdyj,accusative,feminine
Dorofeeva_2023,"Каждая, кто уволился из отдела кадров, ругает жестокого начальника.",4.0,4.0,relative_clauses,stimul,35,71,no,masculine,kazhdyj,nominative,feminine
Dorofeeva_2023,"Каждую студентку, кто участвовал в конференции института, привлекает теоретическая физика.",4.0,4.0,relative_clauses,stimul,3,147,yes,masculine,kazhdyj,accusative,feminine
Dorofeeva_2023,"Каждая, при ком происходило ужасного событие, изложила пережитые ощущения.",3.7777777777777777,4.0,bad,filler,37,536,,,,,
Dorofeeva_2023,"Каждый врач, к кому обратился неизлечимый больной, предлагал паллиативном лечение.",2.83,3.0,bad,filler,37,506,,,,,
Dorofeeva_2023,"Каждый, кто заходил на аукцион антиквариата, носит необычный шарф.",5.5,6.0,relative_clauses,stimul,31,355,no,masculine,kazhdyj,nominative,masculine
Dorofeeva_2023,"Каждая, кто взошёл на пик Эвереста, уважает бывалых скалолазов.",3.0,3.0,relative_clauses,stimul,33,69,no,masculine,kazhdyj,nominative,feminine
Dorofeeva_2023,"Каждую, кто трудился на производстве чугуна, ждёт большая пенсия.",4.5,4.0,relative_clauses,stimul,20,200,no,masculine,kazhdyj,accusative,feminine
Dorofeeva_2023,"Каждого медбрата, кто дежурил на месте катастрофы, выделяет невероятная смелость.",4.666666666666667,5.0,relative_clauses,stimul,5,365,yes,masculine,kazhdyj,accusative,masculine
Dorofeeva_2023,"Каждую, кто ночевала в общежитии университета, возмущает любое неудобство.",4.1,4.0,relative_clauses,stimul,6,258,no,feminine,kazhdyj,accusative,feminine
Dorofeeva_2023,"Каждый путешественник, кто прибыл на берег океана, испытывает незабываемое ощущение.",4.8,5.0,relative_clauses,stimul,17,305,yes,masculine,kazhdyj,nominative,masculine
Dorofeeva_2023,"Каждая школьница, кто была на уроке труда, ест приготовленный суп.",4.428571428571429,4.0,relative_clauses,stimul,22,94,yes,feminine,kazhdyj,nominative,feminine
Dorofeeva_2023,"Каждый, кто преподавал в классе коррекции, имеет медицинское образование.",6.142857142857143,6.0,relative_clauses,stimul,21,345,no,masculine,kazhdyj,nominative,masculine
Dorofeeva_2023,"Каждого студента, кто участвовал в конференции института, привлекает теоретическая физика.",5.777777777777778,6.0,relative_clauses,stimul,3,363,yes,masculine,kazhdyj,accusative,masculine
Dorofeeva_2023,"Каждую, кто лежал в отделении кардиологии, ограничивают врачебные предписания.",4.666666666666667,5.0,relative_clauses,stimul,24,204,no,masculine,kazhdyj,accusative,feminine
Dorofeeva_2023,"Каждая, кто преподавала в классе коррекции, имеет медицинское образование.",5.428571428571429,5.0,relative_clauses,stimul,21,129,no,feminine,kazhdyj,nominative,feminine
Dorofeeva_2023,"Каждый повар, кто готовил на кухне детсада, делает изумительную кашу.",5.5,6.0,relative_clauses,stimul,13,301,yes,masculine,kazhdyj,nominative,masculine
Dorofeeva_2023,"Каждую путешественницу, кто прибыл на берег океана, охватывает незабываемое ощущение.",3.1538461538461537,3.0,relative_clauses,stimul,17,161,yes,masculine,kazhdyj,accusative,feminine
Dorofeeva_2023,"Каждую, кто воровал в магазине продуктов, допрашивает старший следователь.",4.428571428571429,4.0,relative_clauses,stimul,14,194,no,masculine,kazhdyj,accusative,feminine
Dorofeeva_2023,"Каждую, кто лежала в отделении кардиологии, ограничивают врачебные предписания.",4.857142857142857,5.0,relative_clauses,stimul,24,276,no,feminine,kazhdyj,accusative,feminine
Dorofeeva_2023,"Каждого, за кого голосовал российский электорат, расспрашивает политический журналист.",5.010309278350515,5.0,good,filler,37,511,,,,,
Dorofeeva_2023,"Каждого, кто пришёл на выставку собак, сопровождает померанский шпиц.",5.142857142857143,5.0,relative_clauses,stimul,12,408,no,masculine,kazhdyj,accusative,masculine
Dorofeeva_2023,"Каждого, кто зарегистрировался на сайте знакомств, устраивает подобранный партнёр.",5.625,6.0,relative_clauses,stimul,19,415,no,masculine,kazhdyj,accusative,masculine
Dorofeeva_2023,"Каждую, кто пришла на вечер танцев, сопровождает изящный кавалер.",4.75,5.0,relative_clauses,stimul,25,277,no,feminine,kazhdyj,accusative,feminine
Dorofeeva_2023,"Каждую заключённую, кто преуспела в пошиве халатов, ожидает досрочное освобождение.",4.875,5.0,relative_clauses,stimul,23,239,yes,feminine,kazhdyj,accusative,feminine
Dorofeeva_2023,"Каждая повариха, кто готовила на кухне детсада, делает изумительную кашу.",3.888888888888889,4.0,relative_clauses,stimul,13,85,yes,feminine,kazhdyj,nominative,feminine
Dorofeeva_2023,"Каждая, кто сходила на семинар профессора, критикует изложенную теорию.",4.666666666666667,5.0,relative_clauses,stimul,26,134,no,feminine,kazhdyj,nominative,feminine
Dorofeeva_2023,"Каждую, кто приехала на шоу талантов, поддерживает понимающий ведущий.",4.555555555555555,5.0,relative_clauses,stimul,10,262,no,feminine,kazhdyj,accusative,feminine
Dorofeeva_2023,"Каждого, кто отобрался в сборную страны, готовит опытный тренер.",4.5,4.0,relative_clauses,stimul,11,407,no,masculine,kazhdyj,accusative,masculine
Dorofeeva_2023,"Каждую певицу, кто приехала на шоу талантов, поддерживает понимающий ведущий.",4.428571428571429,4.0,relative_clauses,stimul,10,226,yes,feminine,kazhdyj,accusative,feminine
Dorofeeva_2023,"Каждый старик, кто остался в поселении старообрядцев, ведёт собственное хозяйство.",5.571428571428571,6.0,relative_clauses,stimul,28,316,yes,masculine,kazhdyj,nominative,masculine
Dorofeeva_2023,"Каждая старушка, кто осталась в поселении старообрядцев, ведёт собственное хозяйство.",4.375,4.0,relative_clauses,stimul,28,100,yes,feminine,kazhdyj,nominative,feminine
Dorofeeva_2023,"Каждая, кто подрабатывала в отделе игрушек, распознаёт китайскую подделку.",4.875,5.0,relative_clauses,stimul,36,144,no,feminine,kazhdyj,nominative,feminine
Dorofeeva_2023,"Каждую москвичку, кто жил в центре города, раздражает ночной шум.",4.0,4.0,relative_clauses,stimul,8,152,yes,masculine,kazhdyj,accusative,feminine
Dorofeeva_2023,"Каждую альпинистку, кто взошёл на пик Эвереста, уважают бывалые скалолазы.",4.8,5.0,relative_clauses,stimul,33,177,yes,masculine,kazhdyj,accusative,feminine
Dorofeeva_2023,"Каждая гимнастка, про кого снимался документального фильм, завершает спортивную карьеру.",3.6732673267326734,4.0,bad,filler,37,528,,,,,
Dorofeeva_2023,"Каждый президент, при ком проводились масштабные реформы, внушает большого доверие.",3.204081632653061,3.0,bad,filler,37,518,,,,,
Dorofeeva_2023,"Каждую, кто жила в центре города, раздражает ночной шум.",4.0,4.0,relative_clauses,stimul,8,260,no,feminine,kazhdyj,accusative,feminine
Dorofeeva_2023,"Каждого заключённого, кто преуспел в пошиве халатов, ожидает досрочное освобождение.",6.307692307692308,6.0,relative_clauses,stimul,23,383,yes,masculine,kazhdyj,accusative,masculine
Dorofeeva_2023,"Каждая, на кого полагался иностранным студент, изучает китайский язык.",2.3877551020408165,2.0,bad,filler,37,532,,,,,
Dorofeeva_2023,"Каждого продавца, кто подрабатывал в отделе игрушек, настораживает китайская подделка.",5.714285714285714,6.0,relative_clauses,stimul,36,396,yes,masculine,kazhdyj,accusative,masculine
Dorofeeva_2023,"Каждого старика, кто остался в поселении старообрядцев, кормит собственное хозяйство.",5.0,5.0,relative_clauses,stimul,28,388,yes,masculine,kazhdyj,accusative,masculine
Dorofeeva_2023,"Каждая девочка, кто прокатилась на спине гиппопотама, хочет игрушечного бегемота.",4.0,4.0,relative_clauses,stimul,32,104,yes,feminine,kazhdyj,nominative,feminine
Dorofeeva_2023,"Каждый москвич, кто жил в центре города, ненавидит ночной шум.",5.142857142857143,5.0,relative_clauses,stimul,8,296,yes,masculine,kazhdyj,nominative,masculine
Dorofeeva_2023,"Каждая, кто опоздала к началу урока, винит общественный транспорт.",5.307692307692308,5.0,relative_clauses,stimul,30,138,no,feminine,kazhdyj,nominative,feminine
Dorofeeva_2023,"Каждая, кто была на уроке труда, ест приготовленный суп.",4.2,4.0,relative_clauses,stimul,22,130,no,feminine,kazhdyj,nominative,feminine
Dorofeeva_2023,"Каждая пользовательница, кто зарегистрировался на сайте знакомств, ищет подходящего партнёра.",4.142857142857143,4.0,relative_clauses,stimul,19,19,yes,masculine,kazhdyj,nominative,feminine
Dorofeeva_2023,"Каждую, кто уволилась из отдела кадров, бранит жестокий начальник.",2.875,3.0,relative_clauses,stimul,35,287,no,feminine,kazhdyj,accusative,feminine
Dorofeeva_2023,"Каждого мужчину, кто позанимался в студии йоги, отличает душевное равновесие.",4.375,4.0,relative_clauses,stimul,4,364,yes,masculine,kazhdyj,accusative,masculine
Dorofeeva_2023,"Каждый, кто опоздал к началу урока, винит общественный транспорт.",6.25,6.0,relative_clauses,stimul,30,354,no,masculine,kazhdyj,nominative,masculine
Dorofeeva_2023,"Каждую преступницу, кто воровал в магазине продуктов, допрашивает старший следователь.",3.625,4.0,relative_clauses,stimul,14,158,yes,masculine,kazhdyj,accusative,feminine
Dorofeeva_2023,"Каждого, кто был на уроке труда, радует приготовленный суп.",6.615384615384615,7.0,relative_clauses,stimul,22,418,no,masculine,kazhdyj,accusative,masculine
Dorofeeva_2023,"Каждую продавщицу, кто подрабатывал в отделе игрушек, настораживает китайская подделка.",5.0,5.0,relative_clauses,stimul,36,180,yes,masculine,kazhdyj,accusative,feminine
Dorofeeva_2023,"Каждого, кто сыграл в картине режиссёра, награждает Американская киноакадемия.",5.142857142857143,5.0,relative_clauses,stimul,1,397,no,masculine,kazhdyj,accusative,masculine
Dorofeeva_2023,"Каждого, кто публиковался в спецвыпуске журнала, отличает оригинальный стиль.",6.0,6.0,relative_clauses,stimul,29,425,no,masculine,kazhdyj,accusative,masculine
Dorofeeva_2023,"Каждого, благодаря кому состоялось грандиозному выступление, хвалит главный постановщик.",3.05,3.0,bad,filler,37,504,,,,,
Dorofeeva_2023,"Каждая, кто дежурила на месте катастрофы, демонстрирует невероятную смелость.",4.25,4.0,relative_clauses,stimul,5,113,no,feminine,kazhdyj,nominative,feminine
Dorofeeva_2023,"Каждая, кто участвовал в конференции института, изучает теоретическую физику.",5.285714285714286,5.0,relative_clauses,stimul,3,39,no,masculine,kazhdyj,nominative,feminine
Dorofeeva_2023,"Каждого магистранта, кто отучился на факультете политики, помнит молодой преподаватель.",4.857142857142857,5.0,relative_clauses,stimul,9,369,yes,masculine,kazhdyj,accusative,masculine
Dorofeeva_2023,"Каждую спортсменку, кто отобрался в сборную страны, готовит опытный тренер.",3.2222222222222223,3.0,relative_clauses,stimul,11,155,yes,masculine,kazhdyj,accusative,feminine
Dorofeeva_2023,"Каждая, кто участвовала в конференции института, изучает теоретическую физику.",4.0,4.0,relative_clauses,stimul,3,111,no,feminine,kazhdyj,nominative,feminine
Dorofeeva_2023,"Каждая альпинистка, кто взошла на пик Эвереста, уважает бывалых скалолазов.",4.375,4.0,relative_clauses,stimul,33,105,yes,feminine,kazhdyj,nominative,feminine
Dorofeeva_2023,"Каждая, кто зарегистрировалась на сайте знакомств, ищет подходящего партнёра.",5.714285714285714,6.0,relative_clauses,stimul,19,127,no,feminine,kazhdyj,nominative,feminine
Dorofeeva_2023,"Каждую, кто трудилась на производстве чугуна, ждёт большая пенсия.",4.25,4.0,relative_clauses,stimul,20,272,no,feminine,kazhdyj,accusative,feminine
Dorofeeva_2023,"Каждая учительница, кто преподавал в классе коррекции, имеет медицинское образование.",4.461538461538462,4.0,relative_clauses,stimul,21,21,yes,masculine,kazhdyj,nominative,feminine
Dorofeeva_2023,"Каждую повариху, кто готовила на кухне детсада, хвалит проголодавшийся воспитатель.",4.285714285714286,4.0,relative_clauses,stimul,13,229,yes,feminine,kazhdyj,accusative,feminine
Dorofeeva_2023,"Каждая, кто прибыла на берег океана, испытывает незабываемое ощущение.",5.375,5.0,relative_clauses,stimul,17,125,no,feminine,kazhdyj,nominative,feminine
Dorofeeva_2023,"Каждую, кто позанималась в студии йоги, отличает душевное равновесие.",4.875,5.0,relative_clauses,stimul,4,256,no,feminine,kazhdyj,accusative,feminine
Dorofeeva_2023,"Каждая, кто исповедовалась в присутствии настоятеля, замаливает тяжкий грех.",4.375,4.0,relative_clauses,stimul,27,135,no,feminine,kazhdyj,nominative,feminine
Dorofeeva_2023,"Каждая, кто трудился на производстве чугуна, получает большую пенсию.",3.3076923076923075,3.0,relative_clauses,stimul,20,56,no,masculine,kazhdyj,nominative,feminine
Dorofeeva_2023,"Каждую, кто преуспела в пошиве халатов, ожидает досрочное освобождение.",4.0,4.0,relative_clauses,stimul,23,275,no,feminine,kazhdyj,accusative,feminine
Dorofeeva_2023,"Каждую, кто сыграл в картине режиссёра, награждает Американская киноакадемия.",3.2857142857142856,3.0,relative_clauses,stimul,1,181,no,masculine,kazhdyj,accusative,feminine
Dorofeeva_2023,"Каждую, кто заходила на аукцион антиквариата, украшает необычный шарф.",3.625,4.0,relative_clauses,stimul,31,283,no,feminine,kazhdyj,accusative,feminine
Dorofeeva_2023,"Каждая, кто исповедовался в присутствии настоятеля, замаливает тяжкий грех.",3.857142857142857,4.0,relative_clauses,stimul,27,63,no,masculine,kazhdyj,nominative,feminine
Dorofeeva_2023,"Каждую сотрудницу, кто поступила на должность бухгалтера, выручает новая программа.",4.0,4.0,relative_clauses,stimul,7,223,yes,feminine,kazhdyj,accusative,feminine
Dorofeeva_2023,"Каждая ученица, кто опоздала к началу урока, винит общественный транспорт.",4.875,5.0,relative_clauses,stimul,30,102,yes,feminine,kazhdyj,nominative,feminine
Dorofeeva_2023,"Каждая магистрантка, кто отучился на факультете политики, помнит молодого преподавателя.",3.4166666666666665,3.0,relative_clauses,stimul,9,9,yes,masculine,kazhdyj,nominative,feminine
Dorofeeva_2023,"Каждая пользовательница, кто зарегистрировалась на сайте знакомств, ищет подходящего партнёра.",4.6923076923076925,5.0,relative_clauses,stimul,19,91,yes,feminine,kazhdyj,nominative,feminine
Dorofeeva_2023,"Каждая, кто уволилась из отдела кадров, ругает жестокого начальника.",5.625,6.0,relative_clauses,stimul,35,143,no,feminine,kazhdyj,nominative,feminine
Dorofeeva_2023,"Каждая, кто прибыл на берег океана, испытывает незабываемое ощущение.",2.875,3.0,relative_clauses,stimul,17,53,no,masculine,kazhdyj,nominative,feminine
Dorofeeva_2023,"Каждого спортсмена, кто отобрался в сборную страны, готовит опытный тренер.",4.769230769230769,5.0,relative_clauses,stimul,11,371,yes,masculine,kazhdyj,accusative,masculine
Dorofeeva_2023,"Каждого, кто дежурил на месте катастрофы, выделяет невероятная смелость.",5.714285714285714,6.0,relative_clauses,stimul,5,401,no,masculine,kazhdyj,accusative,masculine
Dorofeeva_2023,"Каждого сотрудника, кто поступил на должность бухгалтера, выручает новая программа.",5.444444444444445,5.0,relative_clauses,stimul,7,367,yes,masculine,kazhdyj,accusative,masculine
Dorofeeva_2023,"Каждая ученица, кто опоздал к началу урока, винит общественный транспорт.",3.0,3.0,relative_clauses,stimul,30,30,yes,masculine,kazhdyj,nominative,feminine
Dorofeeva_2023,"Каждую женщину, кто позанималась в студии йоги, отличает душевное равновесие.",3.857142857142857,4.0,relative_clauses,stimul,4,220,yes,feminine,kazhdyj,accusative,feminine
Dorofeeva_2023,"Каждую магистрантку, кто отучился на факультете политики, помнит молодой преподаватель.",4.8,5.0,relative_clauses,stimul,9,153,yes,masculine,kazhdyj,accusative,feminine
Dorofeeva_2023,"Каждую секретаршу, кто уволилась из отдела кадров, бранит жестокий начальник.",4.0,4.0,relative_clauses,stimul,35,251,yes,feminine,kazhdyj,accusative,feminine
Dorofeeva_2023,"Каждый, кто прокатился на спине гиппопотама, хочет игрушечного бегемота.",6.444444444444445,6.0,relative_clauses,stimul,32,356,no,masculine,kazhdyj,nominative,masculine
Dorofeeva_2023,"Каждый, кто публиковался в спецвыпуске журнала, демонстрирует оригинальный стиль.",6.625,7.0,relative_clauses,stimul,29,353,no,masculine,kazhdyj,nominative,masculine
Dorofeeva_2023,"Каждую путешественницу, кто прибыла на берег океана, охватывает незабываемое ощущение.",3.75,4.0,relative_clauses,stimul,17,233,yes,feminine,kazhdyj,accusative,feminine
Dorofeeva_2023,"Каждую, кто сходил на семинар профессора, смущает изложенная теория.",5.571428571428571,6.0,relative_clauses,stimul,26,206,no,masculine,kazhdyj,accusative,feminine
Dorofeeva_2023,"Каждую певицу, кто приехал на шоу талантов, поддерживает понимающий ведущий.",2.875,3.0,relative_clauses,stimul,10,154,yes,masculine,kazhdyj,accusative,feminine
Dorofeeva_2023,"Каждая, кто приехала на шоу талантов, благодарит понимающего ведущего.",4.5,4.0,relative_clauses,stimul,10,118,no,feminine,kazhdyj,nominative,feminine
Dorofeeva_2023,"Каждую, кто прокатилась на спине гиппопотама, привлекает игрушечный бегемот.",4.222222222222222,4.0,relative_clauses,stimul,32,284,no,feminine,kazhdyj,accusative,feminine
Dorofeeva_2023,"Каждого, кто прокатился на спине гиппопотама, привлекает игрушечный бегемот.",6.571428571428571,7.0,relative_clauses,stimul,32,428,no,masculine,kazhdyj,accusative,masculine
Dorofeeva_2023,"Каждый кавалер, кто пришёл на вечер танцев, сопровождает изящную даму.",5.230769230769231,5.0,relative_clauses,stimul,25,313,yes,masculine,kazhdyj,nominative,masculine
Dorofeeva_2023,"Каждого, кто прибыл на берег океана, охватывает незабываемое ощущение.",4.142857142857143,4.0,relative_clauses,stimul,17,413,no,masculine,kazhdyj,accusative,masculine
Dorofeeva_2023,"Каждая, кто пришёл на выставку собак, держит померанского шпица.",3.4,3.0,relative_clauses,stimul,12,48,no,masculine,kazhdyj,nominative,feminine
Dorofeeva_2023,"Каждый мальчик, кто прокатился на спине гиппопотама, хочет игрушечного бегемота.",5.428571428571429,5.0,relative_clauses,stimul,32,320,yes,masculine,kazhdyj,nominative,masculine
Dorofeeva_2023,"Каждую, кто явилась на собрание родителей, расспрашивает классный руководитель.",5.777777777777778,6.0,relative_clauses,stimul,34,286,no,feminine,kazhdyj,accusative,feminine
Dorofeeva_2023,"Каждый журналист, кто служил в редакции издания, комментирует сложившуюся ситуацию.",6.142857142857143,6.0,relative_clauses,stimul,16,304,yes,masculine,kazhdyj,nominative,masculine
Dorofeeva_2023,"Каждую, кто преуспел в пошиве халатов, ожидает досрочное освобождение.",5.142857142857143,5.0,relative_clauses,stimul,23,203,no,masculine,kazhdyj,accusative,feminine
Dorofeeva_2023,"Каждую поэтессу, кто публиковалась в спецвыпуске журнала, отличает оригинальный стиль.",4.375,4.0,relative_clauses,stimul,29,245,yes,feminine,kazhdyj,accusative,feminine
Dorofeeva_2023,"Каждую, кто ночевал в общежитии университета, возмущает любое неудобство.",4.125,4.0,relative_clauses,stimul,6,186,no,masculine,kazhdyj,accusative,feminine
Dorofeeva_2023,"Каждую преступницу, кто воровала в магазине продуктов, допрашивает старший следователь.",3.625,4.0,relative_clauses,stimul,14,230,yes,feminine,kazhdyj,accusative,feminine
Dorofeeva_2023,"Каждый продавец, кто подрабатывал в отделе игрушек, распознаёт китайскую подделку.",6.125,6.0,relative_clauses,stimul,36,324,yes,masculine,kazhdyj,nominative,masculine
Dorofeeva_2023,"Каждую, кто готовил на кухне детсада, хвалит проголодавшийся воспитатель.",4.125,4.0,relative_clauses,stimul,13,193,no,masculine,kazhdyj,accusative,feminine
Dorofeeva_2023,"Каждая, кто позанималась в студии йоги, обретает душевное равновесие.",4.428571428571429,4.0,relative_clauses,stimul,4,112,no,feminine,kazhdyj,nominative,feminine
Dorofeeva_2023,"Каждого работника, кто трудился на производстве чугуна, ждёт большая пенсия.",5.625,6.0,relative_clauses,stimul,20,380,yes,masculine,kazhdyj,accusative,masculine
Dorofeeva_2023,"Каждую, кто преподавал в классе коррекции, ценит школьное руководство.",4.0,4.0,relative_clauses,stimul,21,201,no,masculine,kazhdyj,accusative,feminine
Dorofeeva_2023,"Каждый школьник, кто был на уроке труда, ест приготовленный суп.",4.875,5.0,relative_clauses,stimul,22,310,yes,masculine,kazhdyj,nominative,masculine
Dorofeeva_2023,"Каждую, в ком нашёлся малейший талант, публикует литературная газета.",4.639175257731959,5.0,good,filler,37,531,,,,,
Dorofeeva_2023,"Каждый, кто приехал на шоу талантов, благодарит понимающего ведущего.",6.0,6.0,relative_clauses,stimul,10,334,no,masculine,kazhdyj,nominative,masculine
Dorofeeva_2023,"Каждую, кто осталась в поселении старообрядцев, кормит собственное хозяйство.",4.375,4.0,relative_clauses,stimul,28,280,no,feminine,kazhdyj,accusative,feminine
Dorofeeva_2023,"Каждого, на ком держалась небольшая компания, настигает страшное выгорание.",5.544554455445544,6.0,good,filler,37,517,,,,,
Dorofeeva_2023,"Каждую, кто отобралась в сборную страны, готовит опытный тренер.",4.25,4.0,relative_clauses,stimul,11,263,no,feminine,kazhdyj,accusative,feminine
Dorofeeva_2023,"Каждого мальчика, кто прокатился на спине гиппопотама, привлекает игрушечный бегемот.",6.0,6.0,relative_clauses,stimul,32,392,yes,masculine,kazhdyj,accusative,masculine
Dorofeeva_2023,"Каждая, кто служил в редакции издания, комментирует сложившуюся ситуацию.",3.7777777777777777,4.0,relative_clauses,stimul,16,52,no,masculine,kazhdyj,nominative,feminine
Dorofeeva_2023,"Каждого, кто бывал в столице Китая, восхищает местная кухня.",5.875,6.0,relative_clauses,stimul,15,411,no,masculine,kazhdyj,accusative,masculine
Dorofeeva_2023,"Каждую мать, навстречу кому бежал радостном ребёнок, запечатлевает профессиональный фотограф.",2.2857142857142856,2.0,bad,filler,37,520,,,,,
Dorofeeva_2023,"Каждого, кто явился на собрание родителей, расспрашивает классный руководитель.",6.0,6.0,relative_clauses,stimul,34,430,no,masculine,kazhdyj,accusative,masculine
Dorofeeva_2023,"Каждая, кто пострадала от чистки лица, проклинает нового косметолога.",4.538461538461538,5.0,relative_clauses,stimul,18,126,no,feminine,kazhdyj,nominative,feminine
Dorofeeva_2023,"Каждая, кто преуспел в пошиве халатов, ожидает досрочное освобождение.",1.3333333333333333,1.0,relative_clauses,stimul,23,59,no,masculine,kazhdyj,nominative,feminine
Dorofeeva_2023,"Каждый турист, кто ночевал в общежитии университета, терпит любое неудобство.",4.857142857142857,5.0,relative_clauses,stimul,6,294,yes,masculine,kazhdyj,nominative,masculine
Dorofeeva_2023,"Каждого, кто прошёл в финал конкурса, ждёт гарантированный приз.",6.6,7.0,relative_clauses,stimul,2,398,no,masculine,kazhdyj,accusative,masculine
Dorofeeva_2023,"Каждую, кто уволился из отдела кадров, бранит жестокий начальник.",4.285714285714286,4.0,relative_clauses,stimul,35,215,no,masculine,kazhdyj,accusative,feminine
Dorofeeva_2023,"Каждую, кто взошёл на пик Эвереста, уважают бывалые скалолазы.",4.25,4.0,relative_clauses,stimul,33,213,no,masculine,kazhdyj,accusative,feminine
Dorofeeva_2023,"Каждая, кто пришла на выставку собак, держит померанского шпица.",4.222222222222222,4.0,relative_clauses,stimul,12,120,no,feminine,kazhdyj,nominative,feminine
Dorofeeva_2023,"Каждую россиянку, кто бывала в столице Китая, восхищает местная кухня.",4.230769230769231,4.0,relative_clauses,stimul,15,231,yes,feminine,kazhdyj,accusative,feminine
Dorofeeva_2023,"Каждый магистрант, кто отучился на факультете политики, помнит молодого преподавателя.",5.5,6.0,relative_clauses,stimul,9,297,yes,masculine,kazhdyj,nominative,masculine
Dorofeeva_2023,"Каждая, кто отобрался в сборную страны, выбирает опытного тренера.",3.2857142857142856,3.0,relative_clauses,stimul,11,47,no,masculine,kazhdyj,nominative,feminine
Dorofeeva_2023,"Каждую, кто пострадал от чистки лица, беспокоит новый косметолог.",3.7142857142857135,4.0,relative_clauses,stimul,18,198,no,masculine,kazhdyj,accusative,feminine
Dorofeeva_2023,"Каждый учитель, кто преподавал в классе коррекции, имеет медицинское образование.",5.555555555555555,6.0,relative_clauses,stimul,21,309,yes,masculine,kazhdyj,nominative,masculine
Dorofeeva_2023,"Каждая, кто прошёл в финал конкурса, выигрывает гарантированный приз.",4.0,4.0,relative_clauses,stimul,2,38,no,masculine,kazhdyj,nominative,feminine
Dorofeeva_2023,"Каждую, кто отсутствовал на консультациях учителя, пугает выпускной экзамен.",5.0,5.0,relative_clauses,stimul,22,202,no,masculine,kazhdyj,accusative,feminine
Dorofeeva_2023,"Каждая прихожанка, кто исповедовался в присутствии настоятеля, замаливает тяжкий грех.",3.333333333333333,3.0,relative_clauses,stimul,27,27,yes,masculine,kazhdyj,nominative,feminine
Dorofeeva_2023,"Каждый, кто готовил на кухне детсада, делает изумительную кашу.",4.8,5.0,relative_clauses,stimul,13,337,no,masculine,kazhdyj,nominative,masculine
Dorofeeva_2023,"Каждая участница, кто прошла в финал конкурса, выигрывает гарантированный приз.",4.285714285714286,4.0,relative_clauses,stimul,2,74,yes,feminine,kazhdyj,nominative,feminine
Dorofeeva_2023,"Каждую работницу, кто трудился на производстве чугуна, ждёт большая пенсия.",5.714285714285714,6.0,relative_clauses,stimul,20,164,yes,masculine,kazhdyj,accusative,feminine
Dorofeeva_2023,"Каждая, кто воровала в магазине продуктов, отрицает совершённое преступление.",5.444444444444445,5.0,relative_clauses,stimul,14,122,no,feminine,kazhdyj,nominative,feminine
Dorofeeva_2023,"Каждую девочку, кто прокатилась на спине гиппопотама, привлекает игрушечный бегемот.",3.125,3.0,relative_clauses,stimul,32,248,yes,feminine,kazhdyj,accusative,feminine
Dorofeeva_2023,"Каждого туриста, кто ночевал в общежитии университета, возмущает любое неудобство.",5.571428571428571,6.0,relative_clauses,stimul,6,366,yes,masculine,kazhdyj,accusative,masculine
Dorofeeva_2023,"Каждого зрителя, на ком остановился знаменитом гипнотизёр, охватывает странное чувство.",2.673469387755102,3.0,bad,filler,37,516,,,,,
Dorofeeva_2023,"Каждая девушка, кто пострадал от чистки лица, проклинает нового косметолога.",2.571428571428572,3.0,relative_clauses,stimul,18,18,yes,masculine,kazhdyj,nominative,feminine
Dorofeeva_2023,"Каждая повариха, кто готовил на кухне детсада, делает изумительную кашу.",3.555555555555556,4.0,relative_clauses,stimul,13,13,yes,masculine,kazhdyj,nominative,feminine
Dorofeeva_2023,"Каждая медсестра, кто дежурила на месте катастрофы, демонстрирует невероятную смелость.",3.7142857142857135,4.0,relative_clauses,stimul,5,77,yes,feminine,kazhdyj,nominative,feminine
Dorofeeva_2023,"Каждого певца, кто приехал на шоу талантов, поддерживает понимающий ведущий.",5.25,5.0,relative_clauses,stimul,10,370,yes,masculine,kazhdyj,accusative,masculine
Dorofeeva_2023,"Каждая, кто трудилась на производстве чугуна, получает большую пенсию.",5.625,6.0,relative_clauses,stimul,20,128,no,feminine,kazhdyj,nominative,feminine
Dorofeeva_2023,"Каждую, кто сыграла в картине режиссёра, награждает Американская киноакадемия.",2.75,3.0,relative_clauses,stimul,1,253,no,feminine,kazhdyj,accusative,feminine
Dorofeeva_2023,"Каждую, кто дежурил на месте катастрофы, выделяет невероятная смелость.",3.6666666666666665,4.0,relative_clauses,stimul,5,185,no,masculine,kazhdyj,accusative,feminine
Dorofeeva_2023,"Каждого, кто пришёл на вечер танцев, сопровождает изящная дама.",6.571428571428571,7.0,relative_clauses,stimul,25,421,no,masculine,kazhdyj,accusative,masculine
Dorofeeva_2023,"Каждая, кто заходила на аукцион антиквариата, носит необычный шарф.",4.428571428571429,4.0,relative_clauses,stimul,31,139,no,feminine,kazhdyj,nominative,feminine
Dorofeeva_2023,"Каждая россиянка, кто бывал в столице Китая, любит местную кухню.",2.111111111111111,2.0,relative_clauses,stimul,15,15,yes,masculine,kazhdyj,nominative,feminine
Dorofeeva_2023,"Каждую даму, кто пришла на вечер танцев, сопровождает изящный кавалер.",3.857142857142857,4.0,relative_clauses,stimul,25,241,yes,feminine,kazhdyj,accusative,feminine
Dorofeeva_2023,"Каждую, кто поступил на должность бухгалтера, выручает новая программа.",3.7142857142857135,4.0,relative_clauses,stimul,7,187,no,masculine,kazhdyj,accusative,feminine
Dorofeeva_2023,"Каждую, кто прибыл на берег океана, охватывает незабываемое ощущение.",4.714285714285714,5.0,relative_clauses,stimul,17,197,no,masculine,kazhdyj,accusative,feminine
Dorofeeva_2023,"Каждого путешественника, кто прибыл на берег океана, охватывает незабываемое ощущение.",5.111111111111111,5.0,relative_clauses,stimul,17,377,yes,masculine,kazhdyj,accusative,masculine
Dorofeeva_2023,"Каждая преступница, кто воровал в магазине продуктов, отрицает совершённое преступление.",2.0,2.0,relative_clauses,stimul,14,14,yes,masculine,kazhdyj,nominative,feminine
Dorofeeva_2023,"Каждую, кто сходила на семинар профессора, смущает изложенная теория.",4.384615384615385,4.0,relative_clauses,stimul,26,278,no,feminine,kazhdyj,accusative,feminine
Dorofeeva_2023,"Каждого, кто исповедовался в присутствии настоятеля, мучает тяжкий грех.",5.428571428571429,5.0,relative_clauses,stimul,27,423,no,masculine,kazhdyj,accusative,masculine
Dorofeeva_2023,"Каждую работницу, кто трудилась на производстве чугуна, ждёт большая пенсия.",3.875,4.0,relative_clauses,stimul,20,236,yes,feminine,kazhdyj,accusative,feminine
Dorofeeva_2023,"Каждую магистрантку, кто отучилась на факультете политики, помнит молодой преподаватель.",4.111111111111111,4.0,relative_clauses,stimul,9,225,yes,feminine,kazhdyj,accusative,feminine
Dorofeeva_2023,"Каждый аспирант, кто сходил на семинар профессора, критикует изложенную теорию.",4.857142857142857,5.0,relative_clauses,stimul,26,314,yes,masculine,kazhdyj,nominative,masculine
Dorofeeva_2023,"Каждая аспирантка, кто сходил на семинар профессора, критикует изложенную теорию.",3.625,4.0,relative_clauses,stimul,26,26,yes,masculine,kazhdyj,nominative,feminine
Dorofeeva_2023,"Каждую мать, кто явилась на собрание родителей, расспрашивает классный руководитель.",3.4285714285714284,3.0,relative_clauses,stimul,34,250,yes,feminine,kazhdyj,accusative,feminine
Dorofeeva_2023,"Каждый художник, кто заходил на аукцион антиквариата, носит необычный шарф.",5.111111111111111,5.0,relative_clauses,stimul,31,319,yes,masculine,kazhdyj,nominative,masculine
Dorofeeva_2023,"Каждая, кто ночевал в общежитии университета, терпит любое неудобство.",4.428571428571429,4.0,relative_clauses,stimul,6,42,no,masculine,kazhdyj,nominative,feminine
Dorofeeva_2023,"Каждого, кто служил в редакции издания, удручает сложившаяся ситуация.",6.111111111111111,6.0,relative_clauses,stimul,16,412,no,masculine,kazhdyj,accusative,masculine
Dorofeeva_2023,"Каждый певец, кто приехал на шоу талантов, благодарит понимающего ведущего.",4.25,4.0,relative_clauses,stimul,10,298,yes,masculine,kazhdyj,nominative,masculine
Dorofeeva_2023,"Каждого, кто подрабатывал в отделе игрушек, настораживает китайская подделка.",5.25,5.0,relative_clauses,stimul,36,432,no,masculine,kazhdyj,accusative,masculine
Dorofeeva_2023,"Каждого повара, кто готовил на кухне детсада, хвалит проголодавшийся воспитатель.",5.25,5.0,relative_clauses,stimul,13,373,yes,masculine,kazhdyj,accusative,masculine
Dorofeeva_2023,"Каждая, кто лежал в отделении кардиологии, соблюдает врачебные предписания.",3.9,4.0,relative_clauses,stimul,24,60,no,masculine,kazhdyj,nominative,feminine
Dorofeeva_2023,"Каждую старушку, кто осталась в поселении старообрядцев, кормит собственное хозяйство.",3.0,3.0,relative_clauses,stimul,28,244,yes,feminine,kazhdyj,accusative,feminine
Dorofeeva_2023,"Каждого, кто пострадал от чистки лица, беспокоит новый косметолог.",5.555555555555555,6.0,relative_clauses,stimul,18,414,no,masculine,kazhdyj,accusative,masculine
Dorofeeva_2023,"Каждая студентка, кто участвовал в конференции института, изучает теоретическую физику.",2.333333333333333,2.0,relative_clauses,stimul,3,3,yes,masculine,kazhdyj,nominative,feminine
Dorofeeva_2023,"Каждая путешественница, кто прибыл на берег океана, испытывает незабываемое ощущение.",2.888888888888889,3.0,relative_clauses,stimul,17,17,yes,masculine,kazhdyj,nominative,feminine
Dorofeeva_2023,"Каждая пациентка, кто лежала в отделении кардиологии, соблюдает врачебные предписания.",3.125,3.0,relative_clauses,stimul,24,96,yes,feminine,kazhdyj,nominative,feminine
Dorofeeva_2023,"Каждую повариху, кто готовил на кухне детсада, хвалит проголодавшийся воспитатель.",3.7777777777777777,4.0,relative_clauses,stimul,13,157,yes,masculine,kazhdyj,accusative,feminine
Dorofeeva_2023,"Каждую, кто зарегистрировался на сайте знакомств, устраивает подобранный партнёр.",5.714285714285714,6.0,relative_clauses,stimul,19,199,no,masculine,kazhdyj,accusative,feminine
Dorofeeva_2023,"Каждого, кто воровал в магазине продуктов, допрашивает старший следователь.",5.6,6.0,relative_clauses,stimul,14,410,no,masculine,kazhdyj,accusative,masculine
Dorofeeva_2023,"Каждый ученик, кто опоздал к началу урока, винит общественный транспорт.",6.285714285714286,6.0,relative_clauses,stimul,30,318,yes,masculine,kazhdyj,nominative,masculine
Dorofeeva_2023,"Каждая медсестра, кто дежурил на месте катастрофы, демонстрирует невероятную смелость.",4.111111111111111,4.0,relative_clauses,stimul,5,5,yes,masculine,kazhdyj,nominative,feminine
Dorofeeva_2023,"Каждую, кто прошёл в финал конкурса, ждёт гарантированный приз.",5.285714285714286,5.0,relative_clauses,stimul,2,182,no,masculine,kazhdyj,accusative,feminine
Dorofeeva_2023,"Каждого, кто уволился из отдела кадров, бранит жестокий начальник.",5.0,5.0,relative_clauses,stimul,35,431,no,masculine,kazhdyj,accusative,masculine
Dorofeeva_2023,"Каждую медсестру, кто дежурила на месте катастрофы, выделяет невероятная смелость.",3.5,4.0,relative_clauses,stimul,5,221,yes,feminine,kazhdyj,accusative,feminine
Dorofeeva_2023,"Каждую сотрудницу, кто поступил на должность бухгалтера, выручает новая программа.",3.5,4.0,relative_clauses,stimul,7,151,yes,masculine,kazhdyj,accusative,feminine
Dorofeeva_2023,"Каждого критика, благодаря кому провалился новый роман, осуждает преданного читатель.",2.0721649484536084,2.0,bad,filler,37,502,,,,,
Dorofeeva_2023,"Каждый отец, кто явился на собрание родителей, расспрашивает классного руководителя.",4.375,4.0,relative_clauses,stimul,34,322,yes,masculine,kazhdyj,nominative,masculine
Dorofeeva_2023,"Каждая, кто сходил на семинар профессора, критикует изложенную теорию.",4.333333333333333,4.0,relative_clauses,stimul,26,62,no,masculine,kazhdyj,nominative,feminine
Dorofeeva_2023,"Каждая студентка, кто участвовала в конференции института, изучает теоретическую физику.",4.25,4.0,relative_clauses,stimul,3,75,yes,feminine,kazhdyj,nominative,feminine
Dorofeeva_2023,"Каждая, кто публиковался в спецвыпуске журнала, демонстрирует оригинальный стиль.",3.25,3.0,relative_clauses,stimul,29,65,no,masculine,kazhdyj,nominative,feminine
Dorofeeva_2023,"Каждая, кто пришёл на вечер танцев, сопровождает изящного кавалера.",1.25,1.0,relative_clauses,stimul,25,61,no,masculine,kazhdyj,nominative,feminine
Dorofeeva_2023,"Каждый, кто пострадал от чистки лица, проклинает нового косметолога.",6.0,6.0,relative_clauses,stimul,18,342,no,masculine,kazhdyj,nominative,masculine
Dorofeeva_2023,"Каждая дама, кто пришёл на вечер танцев, сопровождает изящного кавалера.",3.0,3.0,relative_clauses,stimul,25,25,yes,masculine,kazhdyj,nominative,feminine
Dorofeeva_2023,"Каждую, кто зарегистрировалась на сайте знакомств, устраивает подобранный партнёр.",4.625,5.0,relative_clauses,stimul,19,271,no,feminine,kazhdyj,accusative,feminine
Dorofeeva_2023,"Каждый, кто зарегистрировался на сайте знакомств, ищет подходящего партнёра.",6.285714285714286,6.0,relative_clauses,stimul,19,343,no,masculine,kazhdyj,nominative,masculine
Dorofeeva_2023,"Каждая туристка, кто ночевала в общежитии университета, терпит любое неудобство.",4.5,4.0,relative_clauses,stimul,6,78,yes,feminine,kazhdyj,nominative,feminine
Dorofeeva_2023,"Каждую участницу, кто прошёл в финал конкурса, ждёт гарантированный приз.",5.0,5.0,relative_clauses,stimul,2,146,yes,masculine,kazhdyj,accusative,feminine
Dorofeeva_2023,"Каждая женщина, кто позанималась в студии йоги, обретает душевное равновесие.",3.375,3.0,relative_clauses,stimul,4,76,yes,feminine,kazhdyj,nominative,feminine
Dorofeeva_2023,"Каждого журналиста, кто служил в редакции издания, удручает сложившаяся ситуация.",4.625,5.0,relative_clauses,stimul,16,376,yes,masculine,kazhdyj,accusative,masculine
Dorofeeva_2023,"Каждая поэтесса, кто публиковался в спецвыпуске журнала, демонстрирует оригинальный стиль.",3.888888888888889,4.0,relative_clauses,stimul,29,29,yes,masculine,kazhdyj,nominative,feminine
Dorofeeva_2023,"Каждый, кто воровал в магазине продуктов, отрицает совершённое преступление.",5.857142857142857,6.0,relative_clauses,stimul,14,338,no,masculine,kazhdyj,nominative,masculine
Dorofeeva_2023,"Каждую, кто участвовал в конференции института, привлекает теоретическая физика.",3.5,4.0,relative_clauses,stimul,3,183,no,masculine,kazhdyj,accusative,feminine
Dorofeeva_2023,"Каждого, кто поступил на должность бухгалтера, выручает новая программа.",5.25,5.0,relative_clauses,stimul,7,403,no,masculine,kazhdyj,accusative,masculine
Dorofeeva_2023,"Каждую продавщицу, кто подрабатывала в отделе игрушек, настораживает китайская подделка.",4.25,4.0,relative_clauses,stimul,36,252,yes,feminine,kazhdyj,accusative,feminine
Dorofeeva_2023,"Каждый прихожанин, кто исповедовался в присутствии настоятеля, замаливает тяжкий грех.",4.375,4.0,relative_clauses,stimul,27,315,yes,masculine,kazhdyj,nominative,masculine
Dorofeeva_2023,"Каждый пользователь, кто зарегистрировался на сайте знакомств, ищет подходящего партнёра.",5.888888888888889,6.0,relative_clauses,stimul,19,307,yes,masculine,kazhdyj,nominative,masculine
Dorofeeva_2023,"Каждую, кто опоздала к началу урока, выгоняет сердитая учительница.",3.5,4.0,relative_clauses,stimul,30,282,no,feminine,kazhdyj,accusative,feminine
Dorofeeva_2023,"Каждую альпинистку, кто взошла на пик Эвереста, уважают бывалые скалолазы.",5.111111111111111,5.0,relative_clauses,stimul,33,249,yes,feminine,kazhdyj,accusative,feminine
Dorofeeva_2023,"Каждого, кто лежал в отделении кардиологии, ограничивают врачебные предписания.",4.5,4.0,relative_clauses,stimul,24,420,no,masculine,kazhdyj,accusative,masculine
Dorofeeva_2023,"Каждого, кто отучился на факультете политики, помнит молодой преподаватель.",3.75,4.0,relative_clauses,stimul,9,405,no,masculine,kazhdyj,accusative,masculine
Dorofeeva_2023,"Каждую студентку, кто участвовала в конференции института, привлекает теоретическая физика.",3.692307692307693,4.0,relative_clauses,stimul,3,219,yes,feminine,kazhdyj,accusative,feminine
Dorofeeva_2023,"Каждый, кто был на уроке труда, ест приготовленный суп.",7.0,7.0,relative_clauses,stimul,22,346,no,masculine,kazhdyj,nominative,masculine
Dorofeeva_2023,"Каждую заводчицу, кто пришёл на выставку собак, сопровождает померанский шпиц.",5.428571428571429,5.0,relative_clauses,stimul,12,156,yes,masculine,kazhdyj,accusative,feminine
Dorofeeva_2023,"Каждый, кто служил в редакции издания, комментирует сложившуюся ситуацию.",6.2,6.0,relative_clauses,stimul,16,340,no,masculine,kazhdyj,nominative,masculine
Dorofeeva_2023,"Каждый, кто взошёл на пик Эвереста, уважает бывалых скалолазов.",6.375,6.0,relative_clauses,stimul,33,357,no,masculine,kazhdyj,nominative,masculine
Dorofeeva_2023,"Каждую учительницу, кто преподавал в классе коррекции, ценит школьное руководство.",4.0,4.0,relative_clauses,stimul,21,165,yes,masculine,kazhdyj,accusative,feminine
Dorofeeva_2023,"Каждую, кто пострадала от чистки лица, беспокоит новый косметолог.",3.8,4.0,relative_clauses,stimul,18,270,no,feminine,kazhdyj,accusative,feminine
Dorofeeva_2023,"Каждую пользовательницу, кто зарегистрировалась на сайте знакомств, устраивает подобранный партнёр.",4.9,5.0,relative_clauses,stimul,19,235,yes,feminine,kazhdyj,accusative,feminine
Dorofeeva_2023,"Каждого, кто готовил на кухне детсада, хвалит проголодавшийся воспитатель.",4.857142857142857,5.0,relative_clauses,stimul,13,409,no,masculine,kazhdyj,accusative,masculine
Dorofeeva_2023,"Каждого космонавта, про кого рассказывал восторженный экскурсовод, награждал пожилого генерал.",2.134020618556701,2.0,bad,filler,37,510,,,,,
Dorofeeva_2023,"Каждая прихожанка, кто исповедовалась в присутствии настоятеля, замаливает тяжкий грех.",5.125,5.0,relative_clauses,stimul,27,99,yes,feminine,kazhdyj,nominative,feminine
Dorofeeva_2023,"Каждого, кто преподавал в классе коррекции, ценит школьное руководство.",5.25,5.0,relative_clauses,stimul,21,417,no,masculine,kazhdyj,accusative,masculine
Dorofeeva_2023,"Каждого художника, кто заходил на аукцион антиквариата, украшает необычный шарф.",5.666666666666667,6.0,relative_clauses,stimul,31,391,yes,masculine,kazhdyj,accusative,masculine
Dorofeeva_2023,"Каждую, благодаря кому получилось великолепное платье, хвалит ведущий дизайнер.",4.3125,4.0,good,filler,37,501,,,,,
Dorofeeva_2023,"Каждую медсестру, кто дежурил на месте катастрофы, выделяет невероятная смелость.",4.076923076923077,4.0,relative_clauses,stimul,5,149,yes,masculine,kazhdyj,accusative,feminine
Dorofeeva_2023,"Каждая, кто остался в поселении старообрядцев, ведёт собственное хозяйство.",4.666666666666667,5.0,relative_clauses,stimul,28,64,no,masculine,kazhdyj,nominative,feminine
Dorofeeva_2023,"Каждая секретарша, кто уволилась из отдела кадров, ругает жестокого начальника.",4.3,4.0,relative_clauses,stimul,35,107,yes,feminine,kazhdyj,nominative,feminine
Dorofeeva_2023,"Каждый альпинист, кто взошёл на пик Эвереста, уважает бывалых скалолазов.",6.0,6.0,relative_clauses,stimul,33,321,yes,masculine,kazhdyj,nominative,masculine
Dorofeeva_2023,"Каждая актриса, кто сыграла в картине режиссёра, получает золотую статуэтку.",3.111111111111111,3.0,relative_clauses,stimul,1,73,yes,feminine,kazhdyj,nominative,feminine
Dorofeeva_2023,"Каждый спортсмен, кто отобрался в сборную страны, выбирает опытного тренера.",4.285714285714286,4.0,relative_clauses,stimul,11,299,yes,masculine,kazhdyj,nominative,masculine
Dorofeeva_2023,"Каждый, кто пришёл на вечер танцев, сопровождает изящную даму.",5.285714285714286,5.0,relative_clauses,stimul,25,349,no,masculine,kazhdyj,nominative,masculine
Dorofeeva_2023,"Каждая работница, кто трудилась на производстве чугуна, получает большую пенсию.",3.7142857142857135,4.0,relative_clauses,stimul,20,92,yes,feminine,kazhdyj,nominative,feminine
Dorofeeva_2023,"Каждая, кто был на уроке труда, ест приготовленный суп.",3.625,4.0,relative_clauses,stimul,22,58,no,masculine,kazhdyj,nominative,feminine
Dorofeeva_2023,"Каждого, кто заходил на аукцион антиквариата, украшает необычный шарф.",5.75,6.0,relative_clauses,stimul,31,427,no,masculine,kazhdyj,accusative,masculine
Dorofeeva_2023,"Каждая певица, кто приехала на шоу талантов, благодарит понимающего ведущего.",3.857142857142857,4.0,relative_clauses,stimul,10,82,yes,feminine,kazhdyj,nominative,feminine
Dorofeeva_2023,"Каждую пациентку, кто лежал в отделении кардиологии, ограничивают врачебные предписания.",4.142857142857143,4.0,relative_clauses,stimul,24,168,yes,masculine,kazhdyj,accusative,feminine
Dorofeeva_2023,"Каждую, кто прокатился на спине гиппопотама, привлекает игрушечный бегемот.",4.3,4.0,relative_clauses,stimul,32,212,no,masculine,kazhdyj,accusative,feminine
Dorofeeva_2023,"Каждая, кто жила в центре города, ненавидит ночной шум.",5.0,5.0,relative_clauses,stimul,8,116,no,feminine,kazhdyj,nominative,feminine
Dorofeeva_2023,"Каждую, кто остался в поселении старообрядцев, кормит собственное хозяйство.",4.538461538461538,5.0,relative_clauses,stimul,28,208,no,masculine,kazhdyj,accusative,feminine
Dorofeeva_2023,"Каждый, кто отучился на факультете политики, помнит молодого преподавателя.",6.0,6.0,relative_clauses,stimul,9,333,no,masculine,kazhdyj,nominative,masculine
Dorofeeva_2023,"Каждая россиянка, кто бывала в столице Китая, любит местную кухню.",4.777777777777778,5.0,relative_clauses,stimul,15,87,yes,feminine,kazhdyj,nominative,feminine
Dorofeeva_2023,"Каждую, кто подрабатывал в отделе игрушек, настораживает китайская подделка.",5.111111111111111,5.0,relative_clauses,stimul,36,216,no,masculine,kazhdyj,accusative,feminine
Dorofeeva_2023,"Каждую пациентку, кто лежала в отделении кардиологии, ограничивают врачебные предписания.",3.5,4.0,relative_clauses,stimul,24,240,yes,feminine,kazhdyj,accusative,feminine
Dorofeeva_2023,"Каждую даму, кто пришёл на вечер танцев, сопровождает изящный кавалер.",5.0,5.0,relative_clauses,stimul,25,169,yes,masculine,kazhdyj,accusative,feminine
Dorofeeva_2023,"Каждая девушка, кто пострадала от чистки лица, проклинает нового косметолога.",4.25,4.0,relative_clauses,stimul,18,90,yes,feminine,kazhdyj,nominative,feminine
Dorofeeva_2023,"Каждую, кто была на уроке труда, радует приготовленный суп.",4.0,4.0,relative_clauses,stimul,22,274,no,feminine,kazhdyj,accusative,feminine
Dorofeeva_2023,"Каждая, кто дежурил на месте катастрофы, демонстрирует невероятную смелость.",3.625,4.0,relative_clauses,stimul,5,41,no,masculine,kazhdyj,nominative,feminine
Dorofeeva_2023,"Каждую, про кого слагалась красивая история, почитает местное население.",4.760416666666667,5.0,good,filler,37,529,,,,,
Dorofeeva_2023,"Каждую поэтессу, кто публиковался в спецвыпуске журнала, отличает оригинальный стиль.",4.538461538461538,5.0,relative_clauses,stimul,29,173,yes,masculine,kazhdyj,accusative,feminine
Dorofeeva_2023,"Каждого москвича, кто жил в центре города, раздражает ночной шум.",5.0,5.0,relative_clauses,stimul,8,368,yes,masculine,kazhdyj,accusative,masculine
Dorofeeva_2023,"Каждую, кто заходил на аукцион антиквариата, украшает необычный шарф.",6.0,6.0,relative_clauses,stimul,31,211,no,masculine,kazhdyj,accusative,feminine
Dorofeeva_2023,"Каждый, кто трудился на производстве чугуна, получает большую пенсию.",6.888888888888889,7.0,relative_clauses,stimul,20,344,no,masculine,kazhdyj,nominative,masculine
Dorofeeva_2023,"Каждая, кто публиковалась в спецвыпуске журнала, демонстрирует оригинальный стиль.",5.5,6.0,relative_clauses,stimul,29,137,no,feminine,kazhdyj,nominative,feminine
Dorofeeva_2023,"Каждую художницу, кто заходила на аукцион антиквариата, украшает необычный шарф.",4.3,4.0,relative_clauses,stimul,31,247,yes,feminine,kazhdyj,accusative,feminine
Dorofeeva_2023,"Каждый, кто прибыл на берег океана, испытывает незабываемое ощущение.",6.125,6.0,relative_clauses,stimul,17,341,no,masculine,kazhdyj,nominative,masculine
Dorofeeva_2023,"Каждую, кто воровала в магазине продуктов, допрашивает старший следователь.",4.076923076923077,4.0,relative_clauses,stimul,14,266,no,feminine,kazhdyj,accusative,feminine
Dorofeeva_2023,"Каждую девочку, кто прокатился на спине гиппопотама, привлекает игрушечный бегемот.",5.571428571428571,6.0,relative_clauses,stimul,32,176,yes,masculine,kazhdyj,accusative,feminine
Dorofeeva_2023,"Каждая секретарша, кто уволился из отдела кадров, ругает жестокого начальника.",4.75,5.0,relative_clauses,stimul,35,35,yes,masculine,kazhdyj,nominative,feminine
Dorofeeva_2023,"Каждую, кто пришёл на вечер танцев, сопровождает изящный кавалер.",4.375,4.0,relative_clauses,stimul,25,205,no,masculine,kazhdyj,accusative,feminine
Dorofeeva_2023,"Каждая работница, кто трудился на производстве чугуна, получает большую пенсию.",5.0,5.0,relative_clauses,stimul,20,20,yes,masculine,kazhdyj,nominative,feminine
Dorofeeva_2023,"Каждого преступника, кто воровал в магазине продуктов, допрашивает старший следователь.",6.285714285714286,6.0,relative_clauses,stimul,14,374,yes,masculine,kazhdyj,accusative,masculine
Dorofeeva_2023,"Каждого учителя, кто преподавал в классе коррекции, ценит школьное руководство.",5.142857142857143,5.0,relative_clauses,stimul,21,381,yes,masculine,kazhdyj,accusative,masculine
Dorofeeva_2023,"Каждый, на кого глядела рассерженная мать, чувствует дикому стыд.",1.7227722772277227,2.0,bad,filler,37,512,,,,,
Dorofeeva_2023,"Каждого участника, кто прошёл в финал конкурса, ждёт гарантированный приз.",6.571428571428571,7.0,relative_clauses,stimul,2,362,yes,masculine,kazhdyj,accusative,masculine
Dorofeeva_2023,"Каждого пациента, кто лежал в отделении кардиологии, ограничивают врачебные предписания.",5.285714285714286,5.0,relative_clauses,stimul,24,384,yes,masculine,kazhdyj,accusative,masculine
Dorofeeva_2023,"Каждая спортсменка, кто отобрался в сборную страны, выбирает опытного тренера.",3.75,4.0,relative_clauses,stimul,11,11,yes,masculine,kazhdyj,nominative,feminine
Dorofeeva_2023,"Каждая путешественница, кто прибыла на берег океана, испытывает незабываемое ощущение.",2.4285714285714284,2.0,relative_clauses,stimul,17,89,yes,feminine,kazhdyj,nominative,feminine
Dorofeeva_2023,"Каждую, кто отучился на факультете политики, помнит молодой преподаватель.",3.375,3.0,relative_clauses,stimul,9,189,no,masculine,kazhdyj,accusative,feminine
Dorofeeva_2023,"Каждую актрису, кто сыграла в картине режиссёра, награждает Американская киноакадемия.",2.0,2.0,relative_clauses,stimul,1,217,yes,feminine,kazhdyj,accusative,feminine
Dorofeeva_2023,"Каждую заключённую, кто преуспел в пошиве халатов, ожидает досрочное освобождение.",4.777777777777778,5.0,relative_clauses,stimul,23,167,yes,masculine,kazhdyj,accusative,feminine
Dorofeeva_2023,"Каждая заключённая, кто преуспела в пошиве халатов, ожидает досрочное освобождение.",3.1,3.0,relative_clauses,stimul,23,95,yes,feminine,kazhdyj,nominative,feminine
Dorofeeva_2023,"Каждую, кто бывала в столице Китая, восхищает местная кухня.",4.0,4.0,relative_clauses,stimul,15,267,no,feminine,kazhdyj,accusative,feminine
Dorofeeva_2023,"Каждого кавалера, кто пришёл на вечер танцев, сопровождает изящная дама.",5.375,5.0,relative_clauses,stimul,25,385,yes,masculine,kazhdyj,accusative,masculine
Dorofeeva_2023,"Каждую прихожанку, кто исповедовалась в присутствии настоятеля, мучает тяжкий грех.",4.384615384615385,4.0,relative_clauses,stimul,27,243,yes,feminine,kazhdyj,accusative,feminine
Dorofeeva_2023,"Каждого школьника, кто был на уроке труда, радует приготовленный суп.",4.75,5.0,relative_clauses,stimul,22,382,yes,masculine,kazhdyj,accusative,masculine
Dorofeeva_2023,"Каждую, на ком испытывалось новейшее лекарство, наблюдают ведущие специалисты.",4.86734693877551,5.0,good,filler,37,527,,,,,
Dorofeeva_2023,"Каждую старушку, кто остался в поселении старообрядцев, кормит собственное хозяйство.",4.375,4.0,relative_clauses,stimul,28,172,yes,masculine,kazhdyj,accusative,feminine
Dorofeeva_2023,"Каждый россиянин, кто бывал в столице Китая, любит местную кухню.",4.5,4.0,relative_clauses,stimul,15,303,yes,masculine,kazhdyj,nominative,masculine
Dorofeeva_2023,"Каждую, кто отучилась на факультете политики, помнит молодой преподаватель.",3.571428571428572,4.0,relative_clauses,stimul,9,261,no,feminine,kazhdyj,accusative,feminine
Dorofeeva_2023,"Каждую мать, кто явился на собрание родителей, расспрашивает классный руководитель.",4.0,4.0,relative_clauses,stimul,34,178,yes,masculine,kazhdyj,accusative,feminine
Dorofeeva_2023,"Каждую школьницу, кто была на уроке труда, радует приготовленный суп.",4.428571428571429,4.0,relative_clauses,stimul,22,238,yes,feminine,kazhdyj,accusative,feminine
Dorofeeva_2023,"Каждая, кто явился на собрание родителей, расспрашивает классного руководителя.",4.125,4.0,relative_clauses,stimul,34,70,no,masculine,kazhdyj,nominative,feminine
Dorofeeva_2023,"Каждая, кто прокатилась на спине гиппопотама, хочет игрушечного бегемота.",5.25,5.0,relative_clauses,stimul,32,140,no,feminine,kazhdyj,nominative,feminine
Dorofeeva_2023,"Каждая, на ком остановился штатный рекрутер, имеет блестящее портфолио.",5.34,5.0,good,filler,37,533,,,,,
Dorofeeva_2023,"Каждую, кто приехал на шоу талантов, поддерживает понимающий ведущий.",4.666666666666667,5.0,relative_clauses,stimul,10,190,no,masculine,kazhdyj,accusative,feminine
Dorofeeva_2023,"Каждая, кто лежала в отделении кардиологии, соблюдает врачебные предписания.",5.111111111111111,5.0,relative_clauses,stimul,24,132,no,feminine,kazhdyj,nominative,feminine
Dorofeeva_2023,"Каждую, кто служила в редакции издания, удручает сложившаяся ситуация.",4.428571428571429,4.0,relative_clauses,stimul,16,268,no,feminine,kazhdyj,accusative,feminine
Dorofeeva_2023,"Каждая, кто готовила на кухне детсада, делает изумительную кашу.",4.571428571428571,5.0,relative_clauses,stimul,13,121,no,feminine,kazhdyj,nominative,feminine
Dorofeeva_2023,"Каждую, кто исповедовалась в присутствии настоятеля, мучает тяжкий грех.",4.142857142857143,4.0,relative_clauses,stimul,27,279,no,feminine,kazhdyj,accusative,feminine
Dorofeeva_2023,"Каждого, кто позанимался в студии йоги, отличает душевное равновесие.",6.0,6.0,relative_clauses,stimul,4,400,no,masculine,kazhdyj,accusative,masculine
Dorofeeva_2023,"Каждая, кто преуспела в пошиве халатов, ожидает досрочное освобождение.",3.875,4.0,relative_clauses,stimul,23,131,no,feminine,kazhdyj,nominative,feminine
Dorofeeva_2023,"Каждый, о ком рассказал древний эпос, имеет реальный прототип.",5.29,5.0,good,filler,37,513,,,,,
Dorofeeva_2023,"Каждая заключённая, кто преуспел в пошиве халатов, ожидает досрочное освобождение.",2.571428571428572,3.0,relative_clauses,stimul,23,23,yes,masculine,kazhdyj,nominative,feminine
Dorofeeva_2023,"Каждого ученика, кто опоздал к началу урока, выгоняет сердитая учительница.",5.285714285714286,5.0,relative_clauses,stimul,30,390,yes,masculine,kazhdyj,accusative,masculine
Dorofeeva_2023,"Каждая художница, кто заходил на аукцион антиквариата, носит необычный шарф.",3.4285714285714284,3.0,relative_clauses,stimul,31,31,yes,masculine,kazhdyj,nominative,feminine
Dorofeeva_2023,"Каждая, кто отобралась в сборную страны, выбирает опытного тренера.",3.5,4.0,relative_clauses,stimul,11,119,no,feminine,kazhdyj,nominative,feminine
Dorofeeva_2023,"Каждую пользовательницу, кто зарегистрировался на сайте знакомств, устраивает подобранный партнёр.",4.125,4.0,relative_clauses,stimul,19,163,yes,masculine,kazhdyj,accusative,feminine
Dorofeeva_2023,"Каждую, кто позанимался в студии йоги, отличает душевное равновесие.",4.384615384615385,4.0,relative_clauses,stimul,4,184,no,masculine,kazhdyj,accusative,feminine
Dorofeeva_2023,"Каждый, кто жил в центре города, ненавидит ночной шум.",6.444444444444445,6.0,relative_clauses,stimul,8,332,no,masculine,kazhdyj,nominative,masculine
Dorofeeva_2023,"Каждая, кто опоздал к началу урока, винит общественный транспорт.",4.857142857142857,5.0,relative_clauses,stimul,30,66,no,masculine,kazhdyj,nominative,feminine
