experiment,sentence,response,response_round,subtype,type,lexicalization,sentence_id,conjuncts,agreement,conjunction
Manina_2022,Утром я с Сашей обсуждаю планы занятий.,5.428571428571429,5.0,coordination,stimul,9,73,I_noun,sg,with
Manina_2022,Осенью они с Женей разбирают пыльные антресоли.,5.285714285714286,5.0,coordination,stimul,22,195,he_noun,pl,inclusory_with
Manina_2022,Вечером я и Петя отправляем очередное письмо.,5.416666666666667,5.0,coordination,stimul,3,25,I_noun,pl,and
Manina_2022,Вечером я с Димой вспомнил рассказ дедушки.,4.777777777777778,5.0,coordination,stimul,15,169,I_noun,sg,with
Manina_2022,Летом вы с Дашей посетили ночной киносеанс.,5.198473282442748,5.0,good ,filler,25,291,,,
Manina_2022,Часто мы с Катей танцуем финское танго.,6.0,6.0,coordination,stimul,2,13,I_noun,pl,inclusory_with
Manina_2022,Весной мы с ним устраиваем большую вечеринку.,5.512195121951219,6.0,good,filler,28,262,,,
Manina_2022,Завтра мы с Никитой заполняем бумаги дедушки.,5.857142857142857,6.0,coordination,stimul,27,238,I_noun,pl,inclusory_with
Manina_2022,Скоро Толя и Витя ставим балет Стравинского.,1.7023809523809523,2.0,bad,filler,28,266,,,
Manina_2022,Вчера он и Боря исполнил вариации Баха.,4.3,4.0,coordination,stimul,1,11,he_noun,sg,and
Manina_2022,Вечером я и Дима вспомнил рассказ дедушки.,3.727272727272727,4.0,coordination,stimul,15,171,I_noun,sg,and
Manina_2022,Утром я с Сашей прочитали рассказ Брэдбери.,2.125,2.0,coordination,stimul,9,98,I_noun,pl,with
Manina_2022,Тогда ты и Коля разбил дорогой сервиз.,3.0,3.0,coordination,stimul,14,163,you_noun,sg,and
Manina_2022,Ночью он и Витя придумали маленький сюрприз.,5.15,5.0,coordination,stimul,7,82,he_noun,pl,with
Manina_2022,Вечером ты и Дима вспомнили рассказ дедушки.,3.875,4.0,coordination,stimul,15,176,you_noun,pl,and
Manina_2022,Сегодня ты с Максимом рисует эскизы костюмов.,1.8333333333333333,2.0,coordination,stimul,26,227,you_noun,sg,with
Manina_2022,Вечером вы с Глеб включили старые пластинки.,2.437956204379562,2.0,bad,filler,25,308,,,
Manina_2022,Осенью он с Женей разбирает пыльные антресоли.,4.5,4.0,coordination,stimul,22,192,he_noun,sg,with
Manina_2022,Вчера ты с Лёвой изучили возможные риски.,4.454545454545454,4.0,coordination,stimul,19,222,you_noun,pl,with
Manina_2022,Часто ты и Ваня нарушаете приказы начальства.,3.6666666666666665,4.0,coordination,stimul,16,143,you_noun,pl,and
Manina_2022,Весной вы с Таней покупаете новую одежду.,4.666666666666667,5.0,coordination,stimul,5,41,you_noun,pl,inclusory_with
Manina_2022,Летом вы с Настей делаете холодные коктейли.,5.0,5.0,coordination,stimul,23,203,you_noun,pl,inclusory_with
Manina_2022,Часто я и Катя танцуем финское танго.,5.181818181818182,5.0,coordination,stimul,2,16,I_noun,pl,and
Manina_2022,Летом я с Дианой проверяю состояние водоёмов.,5.571428571428571,6.0,coordination,stimul,13,109,I_noun,sg,with
Manina_2022,Летом он и Настя делают холодные коктейли.,4.375,4.0,coordination,stimul,23,207,he_noun,pl,and
Manina_2022,Завтра он с Никитой заполняет бумаги дедушки.,4.066666666666666,4.0,coordination,stimul,27,237,he_noun,sg,with
Manina_2022,Осенью я с Лёшей засушил кленовые листья.,5.444444444444445,5.0,coordination,stimul,8,85,I_noun,sg,with
Manina_2022,Обычно ты с Соней осознаёшь возможные риски.,5.0,5.0,coordination,stimul,15,128,you_noun,sg,with
Manina_2022,Утром я и Даня продумал план занятий.,2.5454545454545454,3.0,coordination,stimul,4,39,I_noun,sg,and
Manina_2022,Сейчас я с Димой снимаю скромную квартиру.,5.833333333333333,6.0,coordination,stimul,12,100,I_noun,sg,with
Manina_2022,Вечером я и Лёня зажгли ароматические свечи.,5.6,6.0,coordination,stimul,10,112,I_noun,pl,and
Manina_2022,Потом он с Вовой обнаружил ошибку учёного.,4.2727272727272725,4.0,coordination,stimul,21,249,he_noun,sg,with
Manina_2022,Скоро мы с Серёжей получаем первую зарплату.,5.571428571428571,6.0,coordination,stimul,17,148,I_noun,pl,inclusory_with
Manina_2022,Утром мы с Сашей обсуждаем планы занятий.,6.666666666666667,7.0,coordination,stimul,9,76,I_noun,pl,inclusory_with
Manina_2022,Ночью он и Миша нарисовал эскизы костюмов.,2.625,3.0,coordination,stimul,11,131,he_noun,sg,and
Manina_2022,Утром я с Тёмой сделали холодные коктейли.,5.285714285714286,5.0,coordination,stimul,20,230,I_noun,pl,with
Manina_2022,Часто ты с Ваней нарушаешь приказы начальства.,4.416666666666667,4.0,coordination,stimul,16,137,you_noun,sg,with
Manina_2022,Сегодня Лёня и Марта печатают раздаточный материал.,5.814814814814815,6.0,good,filler,28,246,,,
Manina_2022,Обычно Таня и Артём проверяют работы школьников.,6.289156626506024,6.0,good,filler,28,247,,,
Manina_2022,Осенью ты с Женей решил проблемы фирмы.,5.222222222222222,5.0,coordination,stimul,16,185,you_noun,sg,with
Manina_2022,Утром я с Даней продумали план занятий.,5.0,5.0,coordination,stimul,4,38,I_noun,pl,with
Manina_2022,Теперь он и Юля пишут детскую книжку.,4.533333333333333,5.0,coordination,stimul,11,99,he_noun,pl,and
Manina_2022,Вечером Тася и Кирилл анализируют биржевые котировки.,5.975609756097561,6.0,good,filler,28,253,,,
Manina_2022,Тогда я с Колей разбил дорогой сервиз.,4.733333333333333,5.0,coordination,stimul,14,157,I_noun,sg,with
Manina_2022,Утром он и Даня продумали план занятий.,6.0,6.0,coordination,stimul,4,48,he_noun,pl,and
Manina_2022,Весной я и Таня покупаем новую одежду.,5.266666666666667,5.0,coordination,stimul,5,43,I_noun,pl,and
Manina_2022,Ночью он и Ваня распечатали материалы лекций.,4.727272727272728,5.0,coordination,stimul,13,156,he_noun,pl,and
Manina_2022,Вечером я с Лёней зажёг ароматические свечи.,5.0,5.0,coordination,stimul,10,109,I_noun,sg,with
Manina_2022,Утром ты и Даня решаете задачи менеджмента.,4.181818181818182,4.0,coordination,stimul,19,170,you_noun,pl,and
Manina_2022,Тогда мы с Алисе доказали теорему Вейерштрасса.,1.8296296296296293,2.0,bad,filler,25,313,,,
Manina_2022,Утром он с Сашей прочитали рассказ Брэдбери.,3.6,4.0,coordination,stimul,9,106,he_noun,pl,with
Manina_2022,Зимой я и Света читаем рассказы Брэдбери.,5.142857142857143,5.0,coordination,stimul,21,187,I_noun,pl,and
Manina_2022,Утром он с Тёмой сделали холодные коктейли.,3.727272727272727,4.0,coordination,stimul,20,238,he_noun,pl,with
Manina_2022,Утром я и Саша прочитал рассказ Брэдбери.,3.1,3.0,coordination,stimul,9,99,I_noun,sg,and
Manina_2022,Тогда я с Максом станцевал финское танго.,5.428571428571429,5.0,coordination,stimul,2,13,I_noun,sg,with
Manina_2022,Утром ты с Даней решаешь задачи менеджмента.,4.857142857142857,5.0,coordination,stimul,19,164,you_noun,sg,with
Manina_2022,Зимой вы с Сашей пропиваете курс витаминов.,4.909090909090909,5.0,coordination,stimul,4,32,you_noun,pl,inclusory_with
Manina_2022,Обычно ты с Люсей находишь верное решение.,5.142857142857143,5.0,coordination,stimul,8,65,you_noun,sg,with
Manina_2022,Ночью я с Ваней распечатали материалы лекций.,3.4,3.0,coordination,stimul,13,146,I_noun,pl,with
Manina_2022,Завтра ты с Борей исполняешь вариации Баха.,5.133333333333334,5.0,coordination,stimul,1,2,you_noun,sg,with
Manina_2022,Сегодня я с Максимом рисую эскизы костюмов.,5.818181818181818,6.0,coordination,stimul,26,226,I_noun,sg,with
Manina_2022,Летом они с Колей просмотрели отзывы клиентов.,5.776119402985074,6.0,bad,filler,25,320,,,
Manina_2022,Вечером я и Стёпа слушаем иностранные песни.,5.75,6.0,coordination,stimul,18,160,I_noun,pl,and
Manina_2022,Вечером ты с Димой вспомнили рассказ дедушки.,4.444444444444445,4.0,coordination,stimul,15,174,you_noun,pl,with
Manina_2022,Зимой он и Саша пропивают курс витаминов.,4.142857142857143,4.0,coordination,stimul,4,36,he_noun,pl,and
Manina_2022,Утром он с Тёмой сделал холодные коктейли.,4.105263157894737,4.0,coordination,stimul,20,237,he_noun,sg,with
Manina_2022,Вчера ты со Стёпой обсудил предстоящий отпуск.,4.375,4.0,coordination,stimul,5,53,you_noun,sg,with
Manina_2022,Утром я с Даней решаю задачи менеджмента.,5.333333333333333,5.0,coordination,stimul,19,163,I_noun,sg,with
Manina_2022,Потом я с Никитой разобрали пыльные антресоли.,4.222222222222222,4.0,coordination,stimul,12,134,I_noun,pl,with
Manina_2022,Вечером я с Петей отправил очередное письмо.,5.0,5.0,coordination,stimul,3,25,I_noun,sg,with
Manina_2022,Осенью он и Лёша засушили кленовые листья.,5.466666666666667,5.0,coordination,stimul,8,96,he_noun,pl,and
Manina_2022,Тогда я и Коля разбил дорогой сервиз.,2.55,3.0,coordination,stimul,14,159,I_noun,sg,and
Manina_2022,Весной мы с Иосифу составляем рацион питания.,1.8072289156626504,2.0,bad,filler,28,281,,,
Manina_2022,Вчера я с Борей исполнил вариации Баха.,4.777777777777778,5.0,coordination,stimul,1,1,I_noun,sg,with
Manina_2022,Зимой вы с Алла утеплили деревянные окна.,1.963235294117647,2.0,bad,filler,25,314,,,
Manina_2022,Ночью я и Ваня распечатал материалы лекций.,2.555555555555556,3.0,coordination,stimul,13,147,I_noun,sg,and
Manina_2022,Летом мы с Дианой проверяем состояние водоёмов.,6.4,6.0,coordination,stimul,13,112,I_noun,pl,inclusory_with
Manina_2022,Осенью он с Юрой посетил Дворец Творчества.,5.333333333333333,5.0,coordination,stimul,24,285,he_noun,sg,with
Manina_2022,Вчера ты и Стёпа обсудил предстоящий отпуск.,3.2,3.0,coordination,stimul,5,55,you_noun,sg,and
Manina_2022,Осенью он и Женя решили проблемы фирмы.,5.555555555555555,6.0,coordination,stimul,16,192,he_noun,pl,and
Manina_2022,Вчера ты и Боря исполнили вариации Баха.,5.666666666666667,6.0,coordination,stimul,1,8,you_noun,pl,and
Manina_2022,Теперь вы с ними пишете сценарий праздника.,5.125,5.0,good,filler,28,259,,,
Manina_2022,Завтра он с Борей исполняет вариации Баха.,5.0,5.0,coordination,stimul,1,3,he_noun,sg,with
Manina_2022,Скоро вы с Серёжей получаете первую зарплату.,4.0,4.0,coordination,stimul,17,149,you_noun,pl,inclusory_with
Manina_2022,Сегодня мы с вами тестируем эффективность рекламы.,6.309523809523809,6.0,good,filler,28,256,,,
Manina_2022,Вечером я и Лёня зажёг ароматические свечи.,3.111111111111111,3.0,coordination,stimul,10,111,I_noun,sg,and
Manina_2022,Вечером он и Петя отправил очередное письмо.,3.2,3.0,coordination,stimul,3,35,he_noun,sg,and
Manina_2022,Теперь вы с Юлей пишете детскую книжку.,5.5,6.0,coordination,stimul,11,95,you_noun,pl,inclusory_with
Manina_2022,Осенью он с Юрой посетили Дворец Творчества.,5.75,6.0,coordination,stimul,24,286,he_noun,pl,with
Manina_2022,Обычно я и Люся находим верное решение.,5.6,6.0,coordination,stimul,8,70,I_noun,pl,and
Manina_2022,Зимой я с Сашей пропиваю курс витаминов.,4.666666666666667,5.0,coordination,stimul,4,28,I_noun,sg,with
Manina_2022,Тогда он и Федя поняли теорему Гёделя.,4.55,5.0,coordination,stimul,17,204,he_noun,pl,and
Manina_2022,Теперь я и Юля пишем детскую книжку.,5.5,6.0,coordination,stimul,11,97,I_noun,pl,and
Manina_2022,Вечером ты и Петя отправляете очередное письмо.,4.833333333333333,5.0,coordination,stimul,3,26,you_noun,pl,and
Manina_2022,Осенью я с Костей засушиваю кленовые листья.,4.714285714285714,5.0,coordination,stimul,10,82,I_noun,sg,with
Manina_2022,Тогда ты и Коля разбили дорогой сервиз.,5.5,6.0,coordination,stimul,14,164,you_noun,pl,and
Manina_2022,Осенью он с Женей решил проблемы фирмы.,3.727272727272727,4.0,coordination,stimul,16,189,he_noun,sg,with
Manina_2022,Сегодня я и Паша выиграл конкурс чтецов.,3.363636363636364,3.0,coordination,stimul,22,255,I_noun,sg,and
Manina_2022,Весной мы с ним устроили большую вечеринку.,5.635036496350365,6.0,good ,filler,25,303,,,
Manina_2022,Часто я и Лена посещаем Дворец Творчества.,5.833333333333333,6.0,coordination,stimul,25,223,I_noun,pl,and
Manina_2022,Вечером я с Петей отправили очередное письмо.,4.052631578947368,4.0,coordination,stimul,3,26,I_noun,pl,with
Manina_2022,Вчера он и Стёпа обсудил предстоящий отпуск.,2.625,3.0,coordination,stimul,5,59,he_noun,sg,and
Manina_2022,Ночью он и Витя придумал маленький сюрприз.,2.625,3.0,coordination,stimul,7,81,he_noun,sg,with
Manina_2022,Осенью я и Женя решили проблемы фирмы.,6.133333333333334,6.0,coordination,stimul,16,184,I_noun,pl,and
Manina_2022,Потом они с Надю пробежали километровый кросс.,1.72992700729927,2.0,bad,filler,25,312,,,
Manina_2022,Вечером я с Димой вспомнили рассказ дедушки.,4.7368421052631575,5.0,coordination,stimul,15,170,I_noun,pl,with
Manina_2022,Осенью они с Машей начали сбор макулатуры.,5.602941176470588,6.0,good ,filler,25,292,,,
Manina_2022,Утром он и Тёма сделал холодные коктейли.,3.0,3.0,coordination,stimul,20,239,he_noun,sg,and
Manina_2022,Осенью они с Костей засушивают кленовые листья.,5.75,6.0,coordination,stimul,10,87,he_noun,pl,inclusory_with
Manina_2022,Летом вы с Даша посещаете ночные кинопоказы.,1.9397590361445785,2.0,bad,filler,28,276,,,
Manina_2022,Сейчас он и Вика готовят маленький сюрприз.,5.2,5.0,coordination,stimul,7,63,he_noun,pl,and
Manina_2022,Обычно мы с Люсей находим верное решение.,6.428571428571429,6.0,coordination,stimul,8,67,I_noun,pl,inclusory_with
Manina_2022,Завтра я и Лиза измеряем скорость чтения.,4.857142857142857,5.0,coordination,stimul,14,124,I_noun,pl,and
Manina_2022,Утром ты и Тёма сделал холодные коктейли.,2.6666666666666665,3.0,coordination,stimul,20,235,you_noun,sg,and
Manina_2022,Зимой мы с тобой вырезали бумажные снежинки.,5.902255639097745,6.0,good ,filler,25,305,,,
Manina_2022,Сегодня он и Паша выиграл конкурс чтецов.,2.4444444444444446,2.0,coordination,stimul,22,263,he_noun,sg,and
Manina_2022,Осенью вы с Костей засушиваете кленовые листья.,5.5,6.0,coordination,stimul,10,86,you_noun,pl,inclusory_with
Manina_2022,Обычно мы с Соней осознаём возможные риски.,6.166666666666667,6.0,coordination,stimul,15,130,I_noun,pl,inclusory_with
Manina_2022,Сегодня вы с Максимом рисуете эскизы костюмов.,5.285714285714286,5.0,coordination,stimul,26,230,you_noun,pl,inclusory_with
Manina_2022,Скоро ты и Серёжа получаете первую зарплату.,3.375,3.0,coordination,stimul,17,152,you_noun,pl,and
Manina_2022,Сегодня они с Юлей представили очередной бизнес-проект.,5.887218045112782,6.0,good ,filler,25,289,,,
Manina_2022,Ночью я и Миша нарисовал эскизы костюмов.,3.3,3.0,coordination,stimul,11,123,I_noun,sg,and
Manina_2022,Весной мы с Таней покупаем новую одежду.,5.727272727272728,6.0,coordination,stimul,5,40,I_noun,pl,inclusory_with
Manina_2022,Ночью ты с Витей придумал маленький сюрприз.,3.625,4.0,coordination,stimul,7,79,you_noun,sg,and
Manina_2022,Часто он с Леной посещает Дворец Творчества.,5.25,5.0,coordination,stimul,25,219,he_noun,sg,with
Manina_2022,Сегодня он с Васей получил первую зарплату.,3.4,3.0,coordination,stimul,18,213,he_noun,sg,with
Manina_2022,Завтра он и Боря исполняют вариации Баха.,4.416666666666667,4.0,coordination,stimul,1,9,he_noun,pl,and
Manina_2022,Потом я и Серёжа купил новую одежду.,1.8888888888888888,2.0,coordination,stimul,6,63,I_noun,sg,and
Manina_2022,Осенью ты и Юра посетили Дворец Творчества.,5.666666666666667,6.0,coordination,stimul,24,284,you_noun,pl,and
Manina_2022,Часто они с Катей танцуют финское танго.,6.375,6.0,coordination,stimul,2,15,he_noun,pl,inclusory_with
Manina_2022,Ночью я и Витя придумали маленький сюрприз.,5.875,6.0,coordination,stimul,7,74,I_noun,pl,with
Manina_2022,Вечером я с Петей отправляю очередное письмо.,5.714285714285714,6.0,coordination,stimul,3,19,I_noun,sg,with
Manina_2022,Летом они с Дианой проверяют состояние водоёмов.,6.285714285714286,6.0,coordination,stimul,13,114,he_noun,pl,inclusory_with
Manina_2022,Теперь они с Юлей пишут детскую книжку.,6.181818181818182,6.0,coordination,stimul,11,96,he_noun,pl,inclusory_with
Manina_2022,Завтра они с Лизой измеряют скорость чтения.,4.933333333333334,5.0,coordination,stimul,14,123,he_noun,pl,inclusory_with
Manina_2022,Часто ты и Катя танцуете финское танго.,4.545454545454546,5.0,coordination,stimul,2,17,you_noun,pl,and
Manina_2022,Сегодня он и Вася получил первую зарплату.,3.75,4.0,coordination,stimul,18,215,he_noun,sg,and
Manina_2022,Вечером я и Петя отправили очередное письмо.,5.181818181818182,5.0,coordination,stimul,3,28,I_noun,pl,and
Manina_2022,Вчера он с Борей исполнил вариации Баха.,5.875,6.0,coordination,stimul,1,9,he_noun,sg,with
Manina_2022,Потом я с Вовой обнаружил ошибку учёного.,5.857142857142857,6.0,coordination,stimul,21,241,I_noun,sg,with
Manina_2022,Вечером ты с Петей отправляешь очередное письмо.,4.5,4.0,coordination,stimul,3,20,you_noun,sg,with
Manina_2022,Весной он с Таней покупает новую одежду.,4.5,4.0,coordination,stimul,5,39,he_noun,sg,with
Manina_2022,Зимой Лёва и Арина вырезают бумажные снежинки.,6.308641975308642,6.0,good,filler,28,251,,,
Manina_2022,Потом он с Вовой обнаружили ошибку учёного.,2.636363636363636,3.0,coordination,stimul,21,250,he_noun,pl,with
Manina_2022,Вчера он и Лёва изучил возможные риски.,3.8181818181818175,4.0,coordination,stimul,19,227,he_noun,sg,and
Manina_2022,Утром я с Даней продумал план занятий.,5.4,5.0,coordination,stimul,4,37,I_noun,sg,with
Manina_2022,Вчера я и Стёпа обсудили предстоящий отпуск.,6.111111111111111,6.0,coordination,stimul,5,52,I_noun,pl,and
Manina_2022,Утром они с Сашей обсуждают планы занятий.,6.0,6.0,coordination,stimul,9,78,he_noun,pl,inclusory_with
Manina_2022,Сейчас Кеша и Ксюша сочиняете неплохие стихи.,1.987951807228916,2.0,bad,filler,28,267,,,
Manina_2022,Вечером мы с Петей отправляем очередное письмо.,5.9,6.0,coordination,stimul,3,22,I_noun,pl,inclusory_with
Manina_2022,Весной Лада и Олег убирает кабинет отца.,2.463414634146341,2.0,bad,filler,28,271,,,
Manina_2022,Часто ты с Леной посещаешь Дворец Творчества.,6.0,6.0,coordination,stimul,25,218,you_noun,sg,with
Manina_2022,Утром они с Даней решают задачи менеджмента.,6.0,6.0,coordination,stimul,19,168,he_noun,pl,inclusory_with
Manina_2022,Потом я с Серёжей купил новую одежду.,4.3,4.0,coordination,stimul,6,61,I_noun,sg,with
Manina_2022,Потом он с Никитой разобрали пыльные антресоли.,4.875,5.0,coordination,stimul,12,142,he_noun,pl,with
Manina_2022,Осенью ты и Лёша засушил кленовые листья.,2.4,2.0,coordination,stimul,8,91,you_noun,sg,and
Manina_2022,Обычно вы с Люсей находите верное решение.,6.166666666666667,6.0,coordination,stimul,8,68,you_noun,pl,inclusory_with
Manina_2022,Весной ты с Таней покупаешь новую одежду.,4.0,4.0,coordination,stimul,5,38,you_noun,sg,with
Manina_2022,Скоро мы с Галю подаём патентную заявку.,1.7738095238095235,2.0,bad,filler,28,275,,,
Manina_2022,Вчера я и Стёпа обсудил предстоящий отпуск.,3.733333333333333,4.0,coordination,stimul,5,51,I_noun,sg,and
Manina_2022,Вчера он и Лёва изучили возможные риски.,4.727272727272728,5.0,coordination,stimul,19,228,he_noun,pl,and
Manina_2022,Потом я и Никита разобрал пыльные антресоли.,3.4,3.0,coordination,stimul,12,135,I_noun,sg,and
Manina_2022,Ночью он и Миша нарисовали эскизы костюмов.,5.125,5.0,coordination,stimul,11,132,he_noun,pl,and
Manina_2022,Весной они с Таней покупают новую одежду.,6.333333333333333,6.0,coordination,stimul,5,42,he_noun,pl,inclusory_with
Manina_2022,Тогда ты с Колей разбил дорогой сервиз.,4.545454545454546,5.0,coordination,stimul,14,161,you_noun,sg,with
Manina_2022,Тогда я с Максом станцевали финское танго.,4.666666666666667,5.0,coordination,stimul,2,14,I_noun,pl,with
Manina_2022,Завтра ты и Никита заполняешь бумаги дедушки.,2.75,3.0,coordination,stimul,27,242,you_noun,pl,and
Manina_2022,Осенью он с Лёшей засушил кленовые листья.,5.35,5.0,coordination,stimul,8,93,he_noun,sg,with
Manina_2022,Осенью он и Костя засушивают кленовые листья.,5.285714285714286,5.0,coordination,stimul,10,90,he_noun,pl,and
Manina_2022,Утром ты и Даня продумали план занятий.,5.4,5.0,coordination,stimul,4,44,you_noun,pl,and
Manina_2022,Сегодня вы с Дашей празднуете рождение дочери.,5.2,5.0,coordination,stimul,24,212,you_noun,pl,inclusory_with
Manina_2022,Сегодня ты и Вася получил первую зарплату.,3.636363636363636,4.0,coordination,stimul,18,211,you_noun,sg,and
Manina_2022,Осенью я с Женей разбираю пыльные антресоли.,5.25,5.0,coordination,stimul,22,190,I_noun,sg,with
Manina_2022,Часто вы с Катей танцуете финское танго.,4.0,4.0,coordination,stimul,2,14,you_noun,pl,inclusory_with
Manina_2022,Сегодня ты с Пашей выиграли конкурс чтецов.,3.0,3.0,coordination,stimul,22,258,you_noun,pl,with
Manina_2022,Зимой он с Сашей пропивает курс витаминов.,4.8,5.0,coordination,stimul,4,30,he_noun,sg,with
Manina_2022,Вечером ты и Дима вспомнил рассказ дедушки.,2.375,2.0,coordination,stimul,15,175,you_noun,sg,and
Manina_2022,Сейчас они с Оксана исследуют проблемы экономики.,1.5595238095238095,2.0,bad,filler,28,280,,,
Manina_2022,Вечером он с Лёней зажёг ароматические свечи.,5.1,5.0,coordination,stimul,10,117,he_noun,sg,with
Manina_2022,Вчера он с Борей исполнили вариации Баха.,3.5,4.0,coordination,stimul,1,10,he_noun,pl,with
Manina_2022,Осенью Лёша и Андрей сушишь целебные травы.,1.6666666666666667,2.0,bad,filler,28,264,,,
Manina_2022,Вчера ты с Лёвой изучил возможные риски.,4.7,5.0,coordination,stimul,19,221,you_noun,sg,with
Manina_2022,Утром я и Саша обсуждаем планы занятий.,3.625,4.0,coordination,stimul,9,79,I_noun,pl,and
Manina_2022,Часто я с Леной посещаю Дворец Творчества.,5.125,5.0,coordination,stimul,25,217,I_noun,sg,with
Manina_2022,Тогда он и Макс станцевал финское танго.,3.8181818181818175,4.0,coordination,stimul,2,23,he_noun,sg,and
Manina_2022,Сейчас я с Викой готовлю маленький сюрприз.,4.0,4.0,coordination,stimul,7,55,I_noun,sg,with
Manina_2022,Осенью ты с Лёшей засушили кленовые листья.,3.7,4.0,coordination,stimul,8,90,you_noun,pl,with
Manina_2022,Теперь мы с Димой изучаем законы Ньютона.,6.416666666666667,6.0,coordination,stimul,6,49,I_noun,pl,inclusory_with
Manina_2022,Ночью он с Мишей нарисовали эскизы костюмов.,3.4444444444444446,3.0,coordination,stimul,11,130,he_noun,pl,with
Manina_2022,Сегодня ты с Васей получили первую зарплату.,3.7,4.0,coordination,stimul,18,210,you_noun,pl,with
Manina_2022,Часто я с Катей танцую финское танго.,5.6,6.0,coordination,stimul,2,10,I_noun,sg,with
Manina_2022,Обычно ты и Люся находите верное решение.,4.125,4.0,coordination,stimul,8,71,you_noun,pl,and
Manina_2022,Теперь я и Дима изучаем законы Ньютона.,5.571428571428571,6.0,coordination,stimul,6,52,I_noun,pl,and
Manina_2022,Вечером ты со Стёпой слушаешь иностранные песни.,5.0,5.0,coordination,stimul,18,155,you_noun,sg,with
Manina_2022,Осенью мы с Костей засушиваем кленовые листья.,5.625,6.0,coordination,stimul,10,85,I_noun,pl,inclusory_with
Manina_2022,Сегодня я и Даша празднуем рождение дочери.,5.666666666666667,6.0,coordination,stimul,24,214,I_noun,pl,and
Manina_2022,Часто они с Леной посещают Дворец Творчества.,6.428571428571429,6.0,coordination,stimul,25,222,he_noun,pl,inclusory_with
Manina_2022,Осенью я и Костя засушиваем кленовые листья.,5.7,6.0,coordination,stimul,10,88,I_noun,pl,and
Manina_2022,Летом ты и Настя делаете холодные коктейли.,4.333333333333333,4.0,coordination,stimul,23,206,you_noun,pl,and
Manina_2022,Тогда он и Макс станцевали финское танго.,4.5,4.0,coordination,stimul,2,24,he_noun,pl,and
Manina_2022,Завтра я и Никита заполняем бумаги дедушки.,4.555555555555555,5.0,coordination,stimul,27,241,I_noun,pl,and
Manina_2022,Завтра вы с Борей исполняете вариации Баха.,5.125,5.0,coordination,stimul,1,5,you_noun,pl,inclusory_with
Manina_2022,Сейчас они с Димой снимают скромную квартиру.,5.75,6.0,coordination,stimul,12,105,he_noun,pl,inclusory_with
Manina_2022,Утром вы с Сашей обсуждаете планы занятий.,5.428571428571429,5.0,coordination,stimul,9,77,you_noun,pl,inclusory_with
Manina_2022,Летом вы с ней написали сценарий праздника.,5.343283582089552,5.0,good ,filler,25,300,,,
Manina_2022,Ночью ты с Витей придумали маленький сюрприз.,3.0,3.0,coordination,stimul,7,80,you_noun,pl,and
Manina_2022,Тогда ты и Федя поняли теорему Гёделя.,4.727272727272728,5.0,coordination,stimul,17,200,you_noun,pl,and
Manina_2022,Обычно мы с Петю переводим диалоги дипломатов.,1.511904761904762,2.0,bad,filler,28,278,,,
Manina_2022,Обычно я с Соней осознаю возможные риски.,4.5,4.0,coordination,stimul,15,127,I_noun,sg,with
Manina_2022,Обычно мы с ним замечаем ошибки руководства.,5.867469879518072,6.0,good,filler,28,254,,,
Manina_2022,Скоро он и Серёжа получают первую зарплату.,4.454545454545454,4.0,coordination,stimul,17,153,he_noun,pl,and
Manina_2022,Сегодня он и Вася получили первую зарплату.,4.818181818181818,5.0,coordination,stimul,18,216,he_noun,pl,and
Manina_2022,Утром ты с Сашей прочитал рассказ Брэдбери.,4.4,4.0,coordination,stimul,9,101,you_noun,sg,with
Manina_2022,Теперь ты и Дима изучаете законы Ньютона.,6.166666666666667,6.0,coordination,stimul,6,53,you_noun,pl,and
Manina_2022,Вчера я и Лёва изучил возможные риски.,4.0,4.0,coordination,stimul,19,219,I_noun,sg,and
Manina_2022,Летом я и Настя делаем холодные коктейли.,5.285714285714286,5.0,coordination,stimul,23,205,I_noun,pl,and
Manina_2022,Завтра они с Никитой заполняют бумаги дедушки.,5.375,5.0,coordination,stimul,27,240,he_noun,pl,inclusory_with
Manina_2022,Потом ты и Никита разобрал пыльные антресоли.,2.636363636363636,3.0,coordination,stimul,12,139,you_noun,sg,and
Manina_2022,Весной мы с Ксюшей планируем предстоящий отпуск.,5.2,5.0,coordination,stimul,20,175,I_noun,pl,inclusory_with
Manina_2022,Утром мы с ней посмотрели семейные фотографии.,5.75,6.0,good ,filler,25,302,,,
Manina_2022,Весной ты и Ксюша планируете предстоящий отпуск.,3.857142857142857,4.0,coordination,stimul,20,179,you_noun,pl,and
Manina_2022,Зимой ты и Света читаете рассказы Брэдбери.,4.4,4.0,coordination,stimul,21,188,you_noun,pl,and
Manina_2022,Теперь Даня и Алиса повторяют формулы Виета.,5.964285714285714,6.0,bad,filler,28,272,,,
Manina_2022,Вечером ты и Лёня зажгли ароматические свечи.,5.2,5.0,coordination,stimul,10,116,you_noun,pl,and
Manina_2022,Осенью ты с Женей решили проблемы фирмы.,5.142857142857143,5.0,coordination,stimul,16,186,you_noun,pl,with
Manina_2022,Сейчас я и Вика готовим маленький сюрприз.,6.666666666666667,7.0,coordination,stimul,7,61,I_noun,pl,and
Manina_2022,Теперь Гера и Даша понимают линейную алгебру.,6.113924050632911,6.0,good,filler,28,245,,,
Manina_2022,Потом я с Серёжей купили новую одежду.,5.0,5.0,coordination,stimul,6,62,I_noun,pl,with
Manina_2022,Часто мы с Ваней нарушаем приказы начальства.,5.642857142857143,6.0,coordination,stimul,16,139,I_noun,pl,inclusory_with
Manina_2022,Вечером он со Стёпой слушает иностранные песни.,5.714285714285714,6.0,coordination,stimul,18,156,he_noun,sg,with
Manina_2022,Сегодня ты с Пашей выиграл конкурс чтецов.,4.266666666666667,4.0,coordination,stimul,22,257,you_noun,sg,with
Manina_2022,Весной я с Ксюшей планирую предстоящий отпуск.,6.571428571428571,7.0,coordination,stimul,20,172,I_noun,sg,with
Manina_2022,Утром он и Саша обсуждают планы занятий.,5.0,5.0,coordination,stimul,9,81,he_noun,pl,and
Manina_2022,Ночью ты и Ваня распечатали материалы лекций.,6.333333333333333,6.0,coordination,stimul,13,152,you_noun,pl,and
Manina_2022,Потом ты с Серёжей купили новую одежду.,4.0,4.0,coordination,stimul,6,66,you_noun,pl,with
Manina_2022,Осенью ты и Юра посетил Дворец Творчества.,2.5454545454545454,3.0,coordination,stimul,24,283,you_noun,sg,and
Manina_2022,Вечером он и Стёпа слушают иностранные песни.,5.416666666666667,5.0,coordination,stimul,18,162,he_noun,pl,and
Manina_2022,Сегодня я с Пашей выиграли конкурс чтецов.,4.333333333333333,4.0,coordination,stimul,22,254,I_noun,pl,with
Manina_2022,Утром мы с Даней решаем задачи менеджмента.,5.125,5.0,coordination,stimul,19,166,I_noun,pl,inclusory_with
Manina_2022,Сегодня он и Максим рисуют эскизы костюмов.,5.375,5.0,coordination,stimul,26,234,he_noun,pl,and
Manina_2022,Осенью он и Юра посетил Дворец Творчества.,2.5,2.0,coordination,stimul,24,287,he_noun,sg,and
Manina_2022,Сегодня он с Максимом рисует эскизы костюмов.,5.428571428571429,5.0,coordination,stimul,26,228,he_noun,sg,with
Manina_2022,Сегодня ты с Костей выдержали первое испытание.,3.9,4.0,coordination,stimul,23,270,you_noun,pl,with
Manina_2022,Сегодня я с Дашей праздную рождение дочери.,3.7142857142857135,4.0,coordination,stimul,24,208,I_noun,sg,with
Manina_2022,Зимой Маша и Роберт вешаем яркую мишуру.,1.819277108433735,2.0,bad,filler,28,270,,,
Manina_2022,Завтра вы с Никитой заполняете бумаги дедушки.,5.333333333333333,5.0,coordination,stimul,27,239,you_noun,pl,inclusory_with
Manina_2022,Осенью я и Лёша засушил кленовые листья.,1.5714285714285714,2.0,coordination,stimul,8,87,I_noun,sg,and
Manina_2022,Потом ты с Вовой обнаружили ошибку учёного.,2.4,2.0,coordination,stimul,21,246,you_noun,pl,with
Manina_2022,Скоро они с Серёжей получают первую зарплату.,4.5,4.0,coordination,stimul,17,150,he_noun,pl,inclusory_with
Manina_2022,Зимой ты со Светой читаешь рассказы Брэдбери.,4.285714285714286,4.0,coordination,stimul,21,182,you_noun,sg,with
Manina_2022,Вечером вы с Петей отправляете очередное письмо.,4.125,4.0,coordination,stimul,3,23,you_noun,pl,inclusory_with
Manina_2022,Вчера я и Боря исполнили вариации Баха.,5.85,6.0,coordination,stimul,1,4,I_noun,pl,and
Manina_2022,Весной я и Ксюша планируем предстоящий отпуск.,5.583333333333333,6.0,coordination,stimul,20,178,I_noun,pl,and
Manina_2022,Зимой ты с Сашей пропиваешь курс витаминов.,4.0,4.0,coordination,stimul,4,29,you_noun,sg,with
Manina_2022,Осенью я с Женей решили проблемы фирмы.,4.545454545454546,5.0,coordination,stimul,16,182,I_noun,pl,with
Manina_2022,Вечером ты с Петей отправил очередное письмо.,4.533333333333333,5.0,coordination,stimul,3,29,you_noun,sg,with
Manina_2022,Вечером ты и Лёня зажёг ароматические свечи.,2.7,3.0,coordination,stimul,10,115,you_noun,sg,and
Manina_2022,Сегодня он и Даша празднуют рождение дочери.,5.4,5.0,coordination,stimul,24,216,he_noun,pl,and
Manina_2022,Ночью ты и Витя придумали маленький сюрприз.,5.454545454545454,5.0,coordination,stimul,7,78,you_noun,pl,with
Manina_2022,Весной они с Ксюшей планируют предстоящий отпуск.,5.8,6.0,coordination,stimul,20,177,he_noun,pl,inclusory_with
Manina_2022,Осенью ты с Женей разбираешь пыльные антресоли.,5.0,5.0,coordination,stimul,22,191,you_noun,sg,with
Manina_2022,Обычно они с Люсей находят верное решение.,6.25,6.0,coordination,stimul,8,69,he_noun,pl,inclusory_with
Manina_2022,Потом я и Вова обнаружили ошибку учёного.,5.2727272727272725,5.0,coordination,stimul,21,244,I_noun,pl,and
Manina_2022,Часто вы с Леной посещаете Дворец Творчества.,5.0,5.0,coordination,stimul,25,221,you_noun,pl,inclusory_with
Manina_2022,Летом мы с тобой получили туристическую визу.,5.69172932330827,6.0,good ,filler,25,299,,,
Manina_2022,Осенью я с Лёшей засушили кленовые листья.,5.0,5.0,coordination,stimul,8,86,I_noun,pl,with
Manina_2022,Утром он и Саша прочитали рассказ Брэдбери.,5.555555555555555,6.0,coordination,stimul,9,108,he_noun,pl,and
Manina_2022,Осенью он и Женя разбирают пыльные антресоли.,6.333333333333333,6.0,coordination,stimul,22,198,he_noun,pl,and
Manina_2022,Вчера он с Лёвой изучил возможные риски.,6.111111111111111,6.0,coordination,stimul,19,225,he_noun,sg,with
Manina_2022,Летом вы с Валей исследовали проблемам экономики.,3.2888888888888888,3.0,bad,filler,25,321,,,
Manina_2022,Потом он с Никитой разобрал пыльные антресоли.,5.444444444444445,5.0,coordination,stimul,12,141,he_noun,sg,with
Manina_2022,Потом он и Серёжа купили новую одежду.,4.818181818181818,5.0,coordination,stimul,6,72,he_noun,pl,and
Manina_2022,Часто он и Лена посещают Дворец Творчества.,4.5,4.0,coordination,stimul,25,225,he_noun,pl,and
Manina_2022,Весной мы с Васей презентовали очередного проект.,4.299270072992701,4.0,bad,filler,25,316,,,
Manina_2022,Вечером он с Лёней зажгли ароматические свечи.,4.2,4.0,coordination,stimul,10,118,he_noun,pl,with
Manina_2022,Утром он с Даней продумали план занятий.,4.222222222222222,4.0,coordination,stimul,4,46,he_noun,pl,with
Manina_2022,Теперь я с Димой изучаю законы Ньютона.,5.3,5.0,coordination,stimul,6,46,I_noun,sg,with
Manina_2022,Сегодня он с Пашей выиграл конкурс чтецов.,5.0,5.0,coordination,stimul,22,261,he_noun,sg,with
Manina_2022,Весной они с Коля собрали букетик сирени.,1.8102189781021896,2.0,bad,filler,25,315,,,
Manina_2022,Вечером он с Петей отправляет очередное письмо.,5.0,5.0,coordination,stimul,3,21,he_noun,sg,with
Manina_2022,Часто он и Ваня нарушают приказы начальства.,5.125,5.0,coordination,stimul,16,144,he_noun,pl,and
Manina_2022,Тогда он с Федей поняли теорему Гёделя.,3.071428571428572,3.0,coordination,stimul,17,202,he_noun,pl,with
Manina_2022,Весной вы с ним продали акции Сбербанка.,5.181818181818182,5.0,good ,filler,25,298,,,
Manina_2022,Потом он и Никита разобрали пыльные антресоли.,5.4,5.0,coordination,stimul,12,144,he_noun,pl,and
Manina_2022,Скоро Вася и Алина получают туристическую визу.,4.333333333333333,4.0,good,filler,28,244,,,
Manina_2022,Утром ты с Сашей обсуждаете планы занятий.,3.333333333333333,3.0,coordination,stimul,9,74,you_noun,sg,with
Manina_2022,Сейчас ты с Димой снимаешь скромную квартиру.,5.75,6.0,coordination,stimul,12,101,you_noun,sg,with
Manina_2022,Осенью ты с Лёшей засушил кленовые листья.,5.363636363636363,5.0,coordination,stimul,8,89,you_noun,sg,with
Manina_2022,Ночью ты с Ваней распечатал материалы лекций.,4.545454545454546,5.0,coordination,stimul,13,149,you_noun,sg,with
Manina_2022,Весной я с Таней покупаю новую одежду.,5.25,5.0,coordination,stimul,5,37,I_noun,sg,with
Manina_2022,Сейчас он и Дима снимают скромную квартиру.,5.285714285714286,5.0,coordination,stimul,12,108,he_noun,pl,and
Manina_2022,Обычно я с Люсей нахожу верное решение.,5.25,5.0,coordination,stimul,8,64,I_noun,sg,with
Manina_2022,Вечером они с Мартой напечатали оглавление работу.,2.7238805970149254,3.0,bad,filler,25,318,,,
Manina_2022,Ночью ты с Мишей нарисовал эскизы костюмов.,4.888888888888889,5.0,coordination,stimul,11,125,you_noun,sg,with
Manina_2022,Вечером он и Лёня зажгли ароматические свечи.,5.875,6.0,coordination,stimul,10,120,he_noun,pl,and
Manina_2022,Зимой вы с Дианой развесили яркую мишуру.,5.270676691729324,5.0,good ,filler,25,296,,,
Manina_2022,Ночью я с Ваней распечатал материалы лекций.,4.8,5.0,coordination,stimul,13,145,I_noun,sg,with
Manina_2022,Часто вы с ним считаете калорийность блюд.,5.0,5.0,good,filler,28,263,,,
Manina_2022,Зимой я и Саша пропиваем курс витаминов.,5.428571428571429,5.0,coordination,stimul,4,34,I_noun,pl,and
Manina_2022,Тогда ты с Федей поняли теорему Гёделя.,2.5,2.0,coordination,stimul,17,198,you_noun,pl,with
Manina_2022,Потом я и Никита разобрали пыльные антресоли.,6.5,6.0,coordination,stimul,12,136,I_noun,pl,and
Manina_2022,Летом он с Настей делает холодные коктейли.,5.090909090909091,5.0,coordination,stimul,23,201,he_noun,sg,with
Manina_2022,Утром я с Тёмой сделал холодные коктейли.,5.888888888888889,6.0,coordination,stimul,20,229,I_noun,sg,with
Manina_2022,Потом он и Никита разобрал пыльные антресоли.,3.0,3.0,coordination,stimul,12,143,he_noun,sg,and
Manina_2022,Часто мы с ней смотрим семейные фотографии.,5.892857142857143,6.0,good,filler,28,260,,,
Manina_2022,Тогда я с Федей понял теорему Гёделя.,4.181818181818182,4.0,coordination,stimul,17,193,I_noun,sg,with
Manina_2022,Вечером ты с Петей отправили очередное письмо.,3.6666666666666665,4.0,coordination,stimul,3,30,you_noun,pl,with
Manina_2022,Осенью я с Юрой посетил Дворец Творчества.,5.363636363636363,5.0,coordination,stimul,24,277,I_noun,sg,with
Manina_2022,Зимой он со Светой читает рассказы Брэдбери.,4.777777777777778,5.0,coordination,stimul,21,183,he_noun,sg,with
Manina_2022,Утром ты с Даней продумал план занятий.,3.888888888888889,4.0,coordination,stimul,4,41,you_noun,sg,with
Manina_2022,Зимой мы с Сашей пропиваем курс витаминов.,6.125,6.0,coordination,stimul,4,31,I_noun,pl,inclusory_with
Manina_2022,Осенью я и Женя решил проблемы фирмы.,2.4545454545454546,2.0,coordination,stimul,16,183,I_noun,sg,and
Manina_2022,Летом он с Дианой проверяет состояние водоёмов.,4.0,4.0,coordination,stimul,13,111,he_noun,sg,with
Manina_2022,Завтра я с Никитой заполняем бумаги дедушки.,3.8333333333333335,4.0,coordination,stimul,27,235,I_noun,sg,with
Manina_2022,Сейчас ты с Викой готовишь маленький сюрприз.,4.9,5.0,coordination,stimul,7,56,you_noun,sg,with
Manina_2022,Потом ты и Вова обнаружили ошибку учёного.,4.7368421052631575,5.0,coordination,stimul,21,248,you_noun,pl,and
Manina_2022,Часто он с Ваней нарушает приказы начальства.,4.714285714285714,5.0,coordination,stimul,16,138,he_noun,sg,with
Manina_2022,Потом он с Серёжей купил новую одежду.,4.666666666666667,5.0,coordination,stimul,6,69,he_noun,sg,with
Manina_2022,Вчера ты и Лёва изучили возможные риски.,4.571428571428571,5.0,coordination,stimul,19,224,you_noun,pl,and
Manina_2022,Сегодня ты и Максим рисуете эскизы костюмов.,3.9,4.0,coordination,stimul,26,233,you_noun,pl,and
Manina_2022,Вечером я и Петя отправил очередное письмо.,3.1818181818181817,3.0,coordination,stimul,3,27,I_noun,sg,and
Manina_2022,Утром ты с Даней продумали план занятий.,4.375,4.0,coordination,stimul,4,42,you_noun,pl,with
Manina_2022,Часто мы с Леной посещаем Дворец Творчества.,5.714285714285714,6.0,coordination,stimul,25,220,I_noun,pl,inclusory_with
Manina_2022,Вчера я с Борей исполнили вариации Баха.,3.4,3.0,coordination,stimul,1,2,I_noun,pl,with
Manina_2022,Утром Надя и Игорь бегаешь километровый кросс.,1.6746987951807228,2.0,bad,filler,28,269,,,
Manina_2022,Сегодня я с Васей получил первую зарплату.,3.9,4.0,coordination,stimul,18,205,I_noun,sg,with
Manina_2022,Тогда он и Федя понял теорему Гёделя.,3.625,4.0,coordination,stimul,17,203,he_noun,sg,and
Manina_2022,Ночью он и Ваня распечатал материалы лекций.,3.111111111111111,3.0,coordination,stimul,13,155,he_noun,sg,and
Manina_2022,Потом ты с Серёжей купил новую одежду.,4.0,4.0,coordination,stimul,6,65,you_noun,sg,with
Manina_2022,Потом я и Серёжа купили новую одежду.,6.285714285714286,6.0,coordination,stimul,6,64,I_noun,pl,and
Manina_2022,Потом ты и Серёжа купили новую одежду.,4.7,5.0,coordination,stimul,6,68,you_noun,pl,and
Manina_2022,Сегодня я и Костя выдержал первое испытание.,3.0,3.0,coordination,stimul,23,267,I_noun,sg,and
Manina_2022,Весной мы с Олегом запустили рекламу товаров.,6.175572519083969,6.0,good ,filler,25,295,,,
Manina_2022,Сегодня он с Костей выдержали первое испытание.,3.555555555555556,4.0,coordination,stimul,23,274,he_noun,pl,with
Manina_2022,Вечером он и Дима вспомнили рассказ дедушки.,4.6,5.0,coordination,stimul,15,180,he_noun,pl,and
Manina_2022,Завтра они с Карина оценивают доклады участников.,1.6666666666666667,2.0,bad,filler,28,283,,,
Manina_2022,Обычно он с Люсей находит верное решение.,4.333333333333333,4.0,coordination,stimul,8,66,he_noun,sg,with
Manina_2022,Осенью ты с Костей засушиваешь кленовые листья.,4.857142857142857,5.0,coordination,stimul,10,83,you_noun,sg,with
Manina_2022,Сегодня ты и Костя выдержали первое испытание.,4.636363636363637,5.0,coordination,stimul,23,272,you_noun,pl,and
Manina_2022,Вечером ты и Петя отправили очередное письмо.,4.625,5.0,coordination,stimul,3,32,you_noun,pl,and
Manina_2022,Вчера ты со Стёпой обсудили предстоящий отпуск.,2.7142857142857144,3.0,coordination,stimul,5,54,you_noun,pl,with
Manina_2022,Сегодня мы с Максимом рисуем эскизы костюмов.,6.266666666666667,6.0,coordination,stimul,26,229,I_noun,pl,inclusory_with
Manina_2022,Сейчас вы с Викой готовите маленький сюрприз.,5.133333333333334,5.0,coordination,stimul,7,59,you_noun,pl,inclusory_with
Manina_2022,Обычно я и Соня осознаём возможные риски.,6.5,6.0,coordination,stimul,15,133,I_noun,pl,and
Manina_2022,Утром Поля и Света репетируют полонез Огинского.,5.975903614457831,6.0,good,filler,28,248,,,
Manina_2022,Осенью ты и Лёша засушили кленовые листья.,5.0,5.0,coordination,stimul,8,92,you_noun,pl,and
Manina_2022,Завтра я с Борей исполняю вариации Баха.,5.0,5.0,coordination,stimul,1,1,I_noun,sg,with
Manina_2022,Осенью Миша и Коля собирают листья рябины.,6.240963855421687,6.0,good,filler,28,249,,,
Manina_2022,Утром вы с ними заметили ошибку начальника.,4.723880597014926,5.0,good ,filler,25,301,,,
Manina_2022,Утром он с Даней продумал план занятий.,5.090909090909091,5.0,coordination,stimul,4,45,he_noun,sg,with
Manina_2022,Вечером он и Лёня зажёг ароматические свечи.,2.6666666666666665,3.0,coordination,stimul,10,119,he_noun,sg,and
Manina_2022,Сейчас ты и Дима снимаете скромную квартиру.,4.533333333333333,5.0,coordination,stimul,12,107,you_noun,pl,and
Manina_2022,Осенью ты с Юрой посетили Дворец Творчества.,4.0,4.0,coordination,stimul,24,282,you_noun,pl,with
Manina_2022,Летом ты и Диана проверяете состояние водоёмов.,3.2857142857142856,3.0,coordination,stimul,13,116,you_noun,pl,and
Manina_2022,Теперь он с Юлей пишет детскую книжку.,5.125,5.0,coordination,stimul,11,93,he_noun,sg,with
Manina_2022,Тогда ты и Макс станцевал финское танго.,2.888888888888889,3.0,coordination,stimul,2,19,you_noun,sg,and
Manina_2022,Завтра ты с Лизой измеряешь скорость чтения.,4.375,4.0,coordination,stimul,14,119,you_noun,sg,with
Manina_2022,Утром ты и Даня продумал план занятий.,1.5714285714285714,2.0,coordination,stimul,4,43,you_noun,sg,and
Manina_2022,Утром он с Даней решает задачи менеджмента.,6.0,6.0,coordination,stimul,19,165,he_noun,sg,with
Manina_2022,Завтра ты с Никитой заполняешь бумаги дедушки.,5.142857142857143,5.0,coordination,stimul,27,236,you_noun,sg,with
Manina_2022,Сейчас вы с Димой снимаете скромную квартиру.,5.545454545454546,6.0,coordination,stimul,12,104,you_noun,pl,inclusory_with
Manina_2022,Потом ты с Никитой разобрали пыльные антресоли.,4.545454545454546,5.0,coordination,stimul,12,138,you_noun,pl,with
Manina_2022,Потом мы с Машей перевели диалоги дипломаты.,2.3823529411764706,2.0,bad,filler,25,319,,,
Manina_2022,Сегодня ты и Паша выиграл конкурс чтецов.,3.45,3.0,coordination,stimul,22,259,you_noun,sg,and
Manina_2022,Вчера я со Стёпой обсудили предстоящий отпуск.,3.090909090909091,3.0,coordination,stimul,5,50,I_noun,pl,with
Manina_2022,Тогда я и Макс станцевали финское танго.,5.545454545454546,6.0,coordination,stimul,2,16,I_noun,pl,and
Manina_2022,Вчера он со Стёпой обсудил предстоящий отпуск.,5.444444444444445,5.0,coordination,stimul,5,57,he_noun,sg,with
Manina_2022,Завтра ты и Лиза измеряете скорость чтения.,5.5,6.0,coordination,stimul,14,125,you_noun,pl,and
Manina_2022,Ночью я с Витей придумал маленький сюрприз.,3.875,4.0,coordination,stimul,7,75,I_noun,sg,and
Manina_2022,Сегодня он с Костей выдержал первое испытание.,4.866666666666666,5.0,coordination,stimul,23,273,he_noun,sg,with
Manina_2022,Вчера он со Стёпой обсудили предстоящий отпуск.,3.692307692307693,4.0,coordination,stimul,5,58,he_noun,pl,with
Manina_2022,Потом мы с Галей проверили работы школьников.,5.746268656716418,6.0,good ,filler,25,290,,,
Manina_2022,Осенью он и Юра посетили Дворец Творчества.,5.3,5.0,coordination,stimul,24,288,he_noun,pl,and
Manina_2022,Осенью ты и Женя решил проблемы фирмы.,2.375,2.0,coordination,stimul,16,187,you_noun,sg,and
Manina_2022,Тогда он и Коля разбил дорогой сервиз.,3.272727272727273,3.0,coordination,stimul,14,167,he_noun,sg,and
Manina_2022,Вчера я со Стёпой обсудил предстоящий отпуск.,6.0,6.0,coordination,stimul,5,49,I_noun,sg,with
Manina_2022,Летом вы с Дианой проверяете состояние водоёмов.,5.25,5.0,coordination,stimul,13,113,you_noun,pl,inclusory_with
Manina_2022,Летом я и Диана проверяем состояние водоёмов.,5.666666666666667,6.0,coordination,stimul,13,115,I_noun,pl,and
Manina_2022,Осенью я с Юрой посетили Дворец Творчества.,4.4,4.0,coordination,stimul,24,278,I_noun,pl,with
Manina_2022,Обычно вы с Соней осознаёте возможные риски.,5.733333333333333,6.0,coordination,stimul,15,131,you_noun,pl,inclusory_with
Manina_2022,Сейчас Митя и Слава изобретают разные лекарства.,5.72289156626506,6.0,good,filler,28,252,,,
Manina_2022,Сегодня я и Максим рисуем эскизы костюмов.,5.142857142857143,5.0,coordination,stimul,26,232,I_noun,pl,and
Manina_2022,Утром я и Тёма сделал холодные коктейли.,3.0,3.0,coordination,stimul,20,231,I_noun,sg,and
Manina_2022,Сегодня я с Васей получили первую зарплату.,4.2,4.0,coordination,stimul,18,206,I_noun,pl,with
Manina_2022,Утром он и Тёма сделали холодные коктейли.,5.733333333333333,6.0,coordination,stimul,20,240,he_noun,pl,and
Manina_2022,Сегодня ты и Костя выдержал первое испытание.,3.4545454545454546,3.0,coordination,stimul,23,271,you_noun,sg,and
Manina_2022,Завтра вы с Лизой измеряете скорость чтения.,5.857142857142857,6.0,coordination,stimul,14,122,you_noun,pl,inclusory_with
Manina_2022,Сейчас он с Димой снимает скромную квартиру.,5.3,5.0,coordination,stimul,12,102,he_noun,sg,with
Manina_2022,Тогда я с Федей поняли теорему Гёделя.,2.5454545454545454,3.0,coordination,stimul,17,194,I_noun,pl,with
Manina_2022,Ночью ты и Миша нарисовал эскизы костюмов.,2.636363636363636,3.0,coordination,stimul,11,127,you_noun,sg,and
Manina_2022,Потом ты и Никита разобрали пыльные антресоли.,5.6,6.0,coordination,stimul,12,140,you_noun,pl,and
Manina_2022,Вечером они со Стёпой слушают иностранные песни.,6.1,6.0,coordination,stimul,18,159,he_noun,pl,inclusory_with
Manina_2022,Ночью ты и Ваня распечатал материалы лекций.,4.0,4.0,coordination,stimul,13,151,you_noun,sg,and
Manina_2022,Завтра мы с Борей исполняем вариации Баха.,6.0,6.0,coordination,stimul,1,4,I_noun,pl,inclusory_with
Manina_2022,Утром ты и Саша обсуждаете планы занятий.,4.7,5.0,coordination,stimul,9,80,you_noun,pl,and
Manina_2022,Сегодня ты с Васей получил первую зарплату.,3.875,4.0,coordination,stimul,18,209,you_noun,sg,with
Manina_2022,Скоро ты с Серёжей получаешь первую зарплату.,3.4285714285714284,3.0,coordination,stimul,17,146,you_noun,sg,with
Manina_2022,Утром ты и Саша прочитали рассказ Брэдбери.,5.15,5.0,coordination,stimul,9,104,you_noun,pl,and
Manina_2022,Сегодня ты с Дашей празднуешь рождение дочери.,5.363636363636363,5.0,coordination,stimul,24,209,you_noun,sg,with
Manina_2022,Тогда он с Колей разбили дорогой сервиз.,3.4,3.0,coordination,stimul,14,166,he_noun,pl,with
Manina_2022,Сегодня я и Вася получили первую зарплату.,5.875,6.0,coordination,stimul,18,208,I_noun,pl,and
Manina_2022,Сегодня они с Дашей празднуют рождение дочери.,6.0,6.0,coordination,stimul,24,213,he_noun,pl,inclusory_with
Manina_2022,Часто он и Катя танцуют финское танго.,5.142857142857143,5.0,coordination,stimul,2,18,he_noun,pl,and
Manina_2022,Осенью ты и Женя решили проблемы фирмы.,5.9,6.0,coordination,stimul,16,188,you_noun,pl,and
Manina_2022,Тогда я и Коля разбили дорогой сервиз.,4.2727272727272725,4.0,coordination,stimul,14,160,I_noun,pl,and
Manina_2022,Теперь он и Дима изучают законы Ньютона.,5.0,5.0,coordination,stimul,6,54,he_noun,pl,and
Manina_2022,Сегодня я с Пашей выиграл конкурс чтецов.,4.0,4.0,coordination,stimul,22,253,I_noun,sg,with
Manina_2022,Вчера я и Боря исполнил вариации Баха.,3.6666666666666665,4.0,coordination,stimul,1,3,I_noun,sg,and
Manina_2022,Летом Люда и Валя устраивают домашний спа-салон.,5.950617283950617,6.0,good,filler,28,250,,,
Manina_2022,Сейчас мы с Викой готовим маленький сюрприз.,6.142857142857143,6.0,coordination,stimul,7,58,I_noun,pl,inclusory_with
Manina_2022,Часто ты с Катей танцуешь финское танго.,4.714285714285714,5.0,coordination,stimul,2,11,you_noun,sg,with
Manina_2022,Утром он с Сашей прочитал рассказ Брэдбери.,4.454545454545454,4.0,coordination,stimul,9,105,he_noun,sg,with
Manina_2022,Сегодня он и Костя выдержали первое испытание.,3.571428571428572,4.0,coordination,stimul,23,276,he_noun,pl,and
Manina_2022,Осенью я и Юра посетил Дворец Творчества.,3.2666666666666666,3.0,coordination,stimul,24,279,I_noun,sg,and
Manina_2022,Завтра я с Лизой измеряю скорость чтения.,5.0,5.0,coordination,stimul,14,118,I_noun,sg,with
Manina_2022,Тогда ты и Макс станцевали финское танго.,5.875,6.0,coordination,stimul,2,20,you_noun,pl,and
Manina_2022,Ночью я и Витя придумал маленький сюрприз.,4.466666666666667,4.0,coordination,stimul,7,73,I_noun,sg,with
Manina_2022,Осенью ты с Юрой посетил Дворец Творчества.,5.25,5.0,coordination,stimul,24,281,you_noun,sg,with
Manina_2022,Сейчас они с Викой готовят маленький сюрприз.,6.428571428571429,6.0,coordination,stimul,7,60,he_noun,pl,inclusory_with
Manina_2022,Зимой мы со Светой читаем рассказы Брэдбери.,6.125,6.0,coordination,stimul,21,184,I_noun,pl,inclusory_with
Manina_2022,Осенью я с Женей решил проблемы фирмы.,5.05,5.0,coordination,stimul,16,181,I_noun,sg,with
Manina_2022,Завтра он с Лизой измеряет скорость чтения.,3.272727272727273,3.0,coordination,stimul,14,120,he_noun,sg,with
Manina_2022,Сегодня я и Костя выдержали первое испытание.,5.333333333333333,5.0,coordination,stimul,23,268,I_noun,pl,and
Manina_2022,Летом они с Настей делают холодные коктейли.,4.733333333333333,5.0,coordination,stimul,23,204,he_noun,pl,inclusory_with
Manina_2022,Тогда вы с Катей возглавили предвыборный штаб.,5.377777777777778,5.0,good ,filler,25,293,,,
Manina_2022,Обычно ты и Соня осознаёте возможные риски.,4.875,5.0,coordination,stimul,15,134,you_noun,pl,and
Manina_2022,Ночью я и Ваня распечатали материалы лекций.,5.65,6.0,coordination,stimul,13,148,I_noun,pl,and
Manina_2022,Вчера я и Лёва изучили возможные риски.,5.142857142857143,5.0,coordination,stimul,19,220,I_noun,pl,and
Manina_2022,Вчера я с Лёвой изучил возможные риски.,5.4,5.0,coordination,stimul,19,217,I_noun,sg,with
Manina_2022,Теперь я с Юлей пишу детскую книжку.,5.714285714285714,6.0,coordination,stimul,11,91,I_noun,sg,with
Manina_2022,Сегодня он и Паша выиграли конкурс чтецов.,5.5,6.0,coordination,stimul,22,264,he_noun,pl,and
Manina_2022,Сегодня он с Пашей выиграли конкурс чтецов.,3.466666666666667,3.0,coordination,stimul,22,262,he_noun,pl,with
Manina_2022,Ночью ты и Миша нарисовали эскизы костюмов.,5.1,5.0,coordination,stimul,11,128,you_noun,pl,and
Manina_2022,Утром я с Сашей прочитал рассказ Брэдбери.,4.875,5.0,coordination,stimul,9,97,I_noun,sg,with
Manina_2022,Теперь вы с Полине доказываете теорему Гёделя.,1.5833333333333333,2.0,bad,filler,28,279,,,
Manina_2022,Потом ты с Никитой разобрал пыльные антресоли.,4.5,4.0,coordination,stimul,12,137,you_noun,sg,with
Manina_2022,Завтра вы с ней снимаете рекламный ролик.,5.158536585365853,5.0,good,filler,28,258,,,
Manina_2022,Часто ты и Лена посещаете Дворец Творчества.,3.625,4.0,coordination,stimul,25,224,you_noun,pl,and
Manina_2022,Осенью он с Лёшей засушили кленовые листья.,3.6,4.0,coordination,stimul,8,94,he_noun,pl,with
Manina_2022,Утром ты с Сашей прочитали рассказ Брэдбери.,2.2,2.0,coordination,stimul,9,102,you_noun,pl,with
Manina_2022,Вечером он с Димой вспомнил рассказ дедушки.,4.2,4.0,coordination,stimul,15,177,he_noun,sg,with
Manina_2022,Вчера ты с Борей исполнили вариации Баха.,2.4545454545454546,2.0,coordination,stimul,1,6,you_noun,pl,with
Manina_2022,Тогда я и Федя поняли теорему Гёделя.,5.888888888888889,6.0,coordination,stimul,17,196,I_noun,pl,and
Manina_2022,Скоро он с Серёжей получает первую зарплату.,2.333333333333333,2.0,coordination,stimul,17,147,he_noun,sg,with
Manina_2022,Завтра он и Лиза измеряют скорость чтения.,4.25,4.0,coordination,stimul,14,126,he_noun,pl,and
Manina_2022,Сейчас я и Дима снимаем скромную квартиру.,4.714285714285714,5.0,coordination,stimul,12,106,I_noun,pl,and
Manina_2022,Тогда ты с Колей разбили дорогой сервиз.,3.333333333333333,3.0,coordination,stimul,14,162,you_noun,pl,with
Manina_2022,Вечером он с Димой вспомнили рассказ дедушки.,4.1,4.0,coordination,stimul,15,178,he_noun,pl,with
Manina_2022,Зимой они с Сашей пропивают курс витаминов.,5.666666666666667,6.0,coordination,stimul,4,33,he_noun,pl,inclusory_with
Manina_2022,Вечером ты с Лёней зажёг ароматические свечи.,4.8,5.0,coordination,stimul,10,113,you_noun,sg,with
Manina_2022,Осенью он с Костей засушивает кленовые листья.,6.166666666666667,6.0,coordination,stimul,10,84,he_noun,sg,with
Manina_2022,Вечером я со Стёпой слушаю иностранные песни.,5.428571428571429,5.0,coordination,stimul,18,154,I_noun,sg,with
Manina_2022,Ночью я с Мишей нарисовали эскизы костюмов.,3.9,4.0,coordination,stimul,11,122,I_noun,pl,with
Manina_2022,Летом вы с ним чините автомобиль папы.,4.857142857142857,5.0,good,filler,28,261,,,
Manina_2022,Потом он и Вова обнаружил ошибку учёного.,3.533333333333333,4.0,coordination,stimul,21,251,he_noun,sg,and
Manina_2022,Зимой вы с ней уволили работников столовой.,5.097014925373134,5.0,good ,filler,25,306,,,
Manina_2022,Весной он и Ксюша планируют предстоящий отпуск.,4.846153846153846,5.0,coordination,stimul,20,180,he_noun,pl,and
Manina_2022,Вечером он и Дима вспомнил рассказ дедушки.,3.5,4.0,coordination,stimul,15,179,he_noun,sg,and
Manina_2022,Вечером Глеб и Ксюша включает старые пластинки.,2.8313253012048194,3.0,bad,filler,28,265,,,
Manina_2022,Зимой они со Светой читают рассказы Брэдбери.,6.333333333333333,6.0,coordination,stimul,21,186,he_noun,pl,inclusory_with
Manina_2022,Завтра ты и Боря исполняете вариации Баха.,4.636363636363637,5.0,coordination,stimul,1,8,you_noun,pl,and
Manina_2022,Ночью я и Миша нарисовали эскизы костюмов.,5.8,6.0,coordination,stimul,11,124,I_noun,pl,and
Manina_2022,Теперь он с Димой изучает законы Ньютона.,5.454545454545454,5.0,coordination,stimul,6,48,he_noun,sg,with
Manina_2022,Тогда ты с Максом станцевали финское танго.,4.785714285714286,5.0,coordination,stimul,2,18,you_noun,pl,with
Manina_2022,Ночью ты и Витя придумал маленький сюрприз.,3.1,3.0,coordination,stimul,7,77,you_noun,sg,with
Manina_2022,Утром ты и Саша прочитал рассказ Брэдбери.,2.2222222222222223,2.0,coordination,stimul,9,103,you_noun,sg,and
Manina_2022,Вчера он с Лёвой изучили возможные риски.,4.368421052631579,4.0,coordination,stimul,19,226,he_noun,pl,with
Manina_2022,Вечером они с Петей отправляют очередное письмо.,4.8,5.0,coordination,stimul,3,24,he_noun,pl,inclusory_with
Manina_2022,Ночью я с Витей придумали маленький сюрприз.,2.571428571428572,3.0,coordination,stimul,7,76,I_noun,pl,and
Manina_2022,Тогда я с Колей разбили дорогой сервиз.,3.555555555555556,4.0,coordination,stimul,14,158,I_noun,pl,with
Manina_2022,Потом я и Вова обнаружил ошибку учёного.,3.6,4.0,coordination,stimul,21,243,I_noun,sg,and
Manina_2022,Утром вы с Рома расчистили снежные завалы.,2.014705882352941,2.0,bad,filler,25,311,,,
Manina_2022,Зимой я со Светой читаю рассказы Брэдбери.,5.333333333333333,5.0,coordination,stimul,21,181,I_noun,sg,with
Manina_2022,Теперь вы с Димой изучаете законы Ньютона.,5.571428571428571,6.0,coordination,stimul,6,50,you_noun,pl,inclusory_with
Manina_2022,Утром он и Саша прочитал рассказ Брэдбери.,3.4,3.0,coordination,stimul,9,107,he_noun,sg,and
Manina_2022,Вечером он и Петя отправляют очередное письмо.,4.142857142857143,4.0,coordination,stimul,3,27,he_noun,pl,and
Manina_2022,Утром ты с Тёмой сделал холодные коктейли.,4.727272727272728,5.0,coordination,stimul,20,233,you_noun,sg,with
Manina_2022,Утром он и Даня продумал план занятий.,2.8666666666666667,3.0,coordination,stimul,4,47,he_noun,sg,and
Manina_2022,Ночью мы с Ксюше сочинили гениальные стихи.,2.286764705882353,2.0,bad,filler,25,310,,,
Manina_2022,Сегодня ты и Даша празднуете рождение дочери.,4.142857142857143,4.0,coordination,stimul,24,215,you_noun,pl,and
Manina_2022,Осенью он с Женей решили проблемы фирмы.,5.1,5.0,coordination,stimul,16,190,he_noun,pl,with
Manina_2022,Потом я с Вовой обнаружили ошибку учёного.,2.857142857142857,3.0,coordination,stimul,21,242,I_noun,pl,with
Manina_2022,Сегодня ты и Паша выиграли конкурс чтецов.,5.1,5.0,coordination,stimul,22,260,you_noun,pl,and
Manina_2022,Обычно он с Соней осознаёт возможные риски.,4.583333333333333,5.0,coordination,stimul,15,129,he_noun,sg,with
Manina_2022,Ночью он с Мишей нарисовал эскизы костюмов.,5.333333333333333,5.0,coordination,stimul,11,129,he_noun,sg,with
Manina_2022,Весной вы с ним продаёте акции Сбербанка.,4.481481481481482,4.0,good,filler,28,255,,,
Manina_2022,Обычно они с Соней осознают возможные риски.,5.666666666666667,6.0,coordination,stimul,15,132,he_noun,pl,inclusory_with
Manina_2022,Утром я и Тёма сделали холодные коктейли.,5.8,6.0,coordination,stimul,20,232,I_noun,pl,and
Manina_2022,Утром он с Сашей обсуждают планы занятий.,4.0,4.0,coordination,stimul,9,75,he_noun,sg,with
Manina_2022,Сейчас он с Викой готовит маленький сюрприз.,4.636363636363637,5.0,coordination,stimul,7,57,he_noun,sg,with
Manina_2022,Вчера ты и Боря исполнил вариации Баха.,2.8,3.0,coordination,stimul,1,7,you_noun,sg,and
Manina_2022,Ночью ты с Ваней распечатали материалы лекций.,3.1818181818181817,3.0,coordination,stimul,13,150,you_noun,pl,with
Manina_2022,Скоро мы с тобой увольняем половину работников.,3.903614457831325,4.0,good,filler,28,257,,,
Manina_2022,Утром ты и Тёма сделали холодные коктейли.,4.5,4.0,coordination,stimul,20,236,you_noun,pl,and
Manina_2022,Часто вы с Ваней нарушаете приказы начальства.,5.857142857142857,6.0,coordination,stimul,16,140,you_noun,pl,inclusory_with
Manina_2022,Ночью он с Ваней распечатал материалы лекций.,4.375,4.0,coordination,stimul,13,153,he_noun,sg,with
Manina_2022,Потом я с Никитой разобрал пыльные антресоли.,5.909090909090909,6.0,coordination,stimul,12,133,I_noun,sg,with
Manina_2022,Зимой ты и Саша пропиваете курс витаминов.,3.615384615384616,4.0,coordination,stimul,4,35,you_noun,pl,and
Manina_2022,Вчера они с Ариной подсчитали калорийность блюд.,5.75,6.0,good ,filler,25,297,,,
Manina_2022,Осенью ты и Женя разбираете пыльные антресоли.,4.0,4.0,coordination,stimul,22,197,you_noun,pl,and
Manina_2022,Ночью он с Витей придумал маленький сюрприз.,4.888888888888889,5.0,coordination,stimul,7,83,he_noun,sg,and
Manina_2022,Вечером ты и Стёпа слушаете иностранные песни.,4.5,4.0,coordination,stimul,18,161,you_noun,pl,and
Manina_2022,Сегодня я и Вася получил первую зарплату.,3.4444444444444446,3.0,coordination,stimul,18,207,I_noun,sg,and
Manina_2022,Тогда ты с Максом станцевал финское танго.,3.3,3.0,coordination,stimul,2,17,you_noun,sg,with
Manina_2022,Вечером он с Петей отправил очередное письмо.,4.619047619047619,5.0,coordination,stimul,3,33,he_noun,sg,with
Manina_2022,Вечером вы со Стёпой слушаете иностранные песни.,5.375,5.0,coordination,stimul,18,158,you_noun,pl,inclusory_with
Manina_2022,Сегодня я с Костей выдержал первое испытание.,4.2,4.0,coordination,stimul,23,265,I_noun,sg,with
Manina_2022,Осенью вы с Женей разбираете пыльные антресоли.,5.454545454545454,5.0,coordination,stimul,22,194,you_noun,pl,inclusory_with
Manina_2022,Потом он и Вова обнаружили ошибку учёного.,5.444444444444445,5.0,coordination,stimul,21,252,he_noun,pl,and
Manina_2022,Летом ты с Дианой проверяешь состояние водоёмов.,3.875,4.0,coordination,stimul,13,110,you_noun,sg,with
Manina_2022,Завтра он и Никита заполняют бумаги дедушки.,4.3,4.0,coordination,stimul,27,243,he_noun,pl,and
Manina_2022,Вечером Алла и Гоша зажигаем ароматические свечи.,1.987951807228916,2.0,bad,filler,28,273,,,
Manina_2022,Утром он и Даня решают задачи менеджмента.,4.333333333333333,4.0,coordination,stimul,19,171,he_noun,pl,and
Manina_2022,Ночью ты с Мишей нарисовали эскизы костюмов.,3.75,4.0,coordination,stimul,11,126,you_noun,pl,with
Manina_2022,Тогда он с Колей разбил дорогой сервиз.,4.0,4.0,coordination,stimul,14,165,he_noun,sg,with
Manina_2022,Сегодня он с Васей получили первую зарплату.,3.2222222222222223,3.0,coordination,stimul,18,214,he_noun,pl,with
Manina_2022,Осенью они с Жанны начинают сбор макулатуры.,1.6666666666666667,2.0,bad,filler,28,277,,,
Manina_2022,Сегодня я с Костей выдержали первое испытание.,5.0,5.0,coordination,stimul,23,266,I_noun,pl,with
Manina_2022,Сегодня ты и Вася получили первую зарплату.,4.9,5.0,coordination,stimul,18,212,you_noun,pl,and
Manina_2022,Тогда ты и Федя понял теорему Гёделя.,2.7,3.0,coordination,stimul,17,199,you_noun,sg,and
Manina_2022,Завтра они с Борей исполняют вариации Баха.,5.8,6.0,coordination,stimul,1,6,he_noun,pl,inclusory_with
Manina_2022,Вечером ты с Димой вспомнил рассказ дедушки.,3.8,4.0,coordination,stimul,15,173,you_noun,sg,with
Manina_2022,Теперь они с Димой изучают законы Ньютона.,5.666666666666667,6.0,coordination,stimul,6,51,he_noun,pl,inclusory_with
Manina_2022,Завтра и я Боря исполняем вариации Баха.,3.375,3.0,coordination,stimul,1,7,I_noun,pl,and
Manina_2022,Часто он с Катей танцует финское танго.,6.0,6.0,coordination,stimul,2,12,he_noun,sg,with
Manina_2022,Утром вы с Даней решаете задачи менеджмента.,5.8,6.0,coordination,stimul,19,167,you_noun,pl,inclusory_with
Manina_2022,Вечером ты с Лёней зажгли ароматические свечи.,3.4444444444444446,3.0,coordination,stimul,10,114,you_noun,pl,with
Manina_2022,Весной он с Ксюшей планирует предстоящий отпуск.,5.125,5.0,coordination,stimul,20,174,he_noun,sg,with
Manina_2022,Зимой вы с Диане кормите городских птиц.,1.4285714285714286,1.0,bad,filler,28,282,,,
Manina_2022,Вечером он и Петя отправили очередное письмо.,4.133333333333334,4.0,coordination,stimul,3,36,he_noun,pl,and
Manina_2022,Тогда он с Федей понял теорему Гёделя.,4.1,4.0,coordination,stimul,17,201,he_noun,sg,with
Manina_2022,Сегодня он с Дашей празднуют рождение дочери.,3.6666666666666665,4.0,coordination,stimul,24,210,he_noun,sg,with
Manina_2022,Летом вы с ними починили автомобиль папы.,4.837037037037037,5.0,good ,filler,25,304,,,
Manina_2022,Ночью он с Витей придумали маленький сюрприз.,3.2,3.0,coordination,stimul,7,84,he_noun,pl,and
Manina_2022,Вечером они с Тасей посмотрели биржевым котировки.,2.72992700729927,3.0,bad,filler,25,324,,,
Manina_2022,Потом он с Серёжей купили новую одежду.,4.333333333333333,4.0,coordination,stimul,6,70,he_noun,pl,with
Manina_2022,Осенью ты и Костя засушиваете кленовые листья.,4.416666666666667,4.0,coordination,stimul,10,89,you_noun,pl,and
Manina_2022,Обычно он и Люся находят верное решение.,5.909090909090909,6.0,coordination,stimul,8,72,he_noun,pl,and
Manina_2022,Теперь вы с Лёней осознали смыслом сказанного.,2.607407407407408,3.0,bad,filler,25,323,,,
Manina_2022,Скоро я с Серёжей получаю первую зарплату.,4.333333333333333,4.0,coordination,stimul,17,145,I_noun,sg,with
Manina_2022,Часто я с Ваней нарушаю приказы начальства.,5.454545454545454,5.0,coordination,stimul,16,136,I_noun,sg,with
Manina_2022,Осенью мы с Геру покинули родительский дом.,4.2444444444444445,4.0,bad,filler,25,307,,,
Manina_2022,Летом ты с Настей делаешь холодные коктейли.,3.375,3.0,coordination,stimul,23,200,you_noun,sg,with
Manina_2022,Зимой мы с Лёвой составили рационам питания.,2.0955882352941178,2.0,bad,filler,25,322,,,
Manina_2022,Сегодня ты с Костей выдержал первое испытание.,4.555555555555555,5.0,coordination,stimul,23,269,you_noun,sg,with
Manina_2022,Теперь ты с Юлей пишешь детскую книжку.,5.5,6.0,coordination,stimul,11,92,you_noun,sg,with
Manina_2022,Вчера ты и Стёпа обсудили предстоящий отпуск.,5.5,6.0,coordination,stimul,5,56,you_noun,pl,and
Manina_2022,Сегодня они с Юля презентуют очередной проект.,2.6904761904761907,3.0,bad,filler,28,274,,,
Manina_2022,Весной вы с Ксюшей планируете предстоящий отпуск.,3.75,4.0,coordination,stimul,20,176,you_noun,pl,inclusory_with
Manina_2022,Утром я и Даня решаем задачи менеджмента.,5.545454545454546,6.0,coordination,stimul,19,169,I_noun,pl,and
Manina_2022,Вечером я с Лёней зажгли ароматические свечи.,5.4,5.0,coordination,stimul,10,110,I_noun,pl,with
Manina_2022,Летом я с Настей делаю холодные коктейли.,5.2,5.0,coordination,stimul,23,199,I_noun,sg,with
Manina_2022,Вечером мы со Стёпой слушаем иностранные песни.,5.833333333333333,6.0,coordination,stimul,18,157,I_noun,pl,inclusory_with
Manina_2022,Тогда я и Макс станцевал финское танго.,3.0526315789473686,3.0,coordination,stimul,2,15,I_noun,sg,and
Manina_2022,Сейчас мы с Димой снимаем скромную квартиру.,6.75,7.0,coordination,stimul,12,103,I_noun,pl,inclusory_with
Manina_2022,Скоро я и Серёжа получаем первую зарплату.,4.0,4.0,coordination,stimul,17,151,I_noun,pl,and
Manina_2022,Сегодня мы с Дашей празднуем рождение дочери.,6.285714285714286,6.0,coordination,stimul,24,211,I_noun,pl,inclusory_with
Manina_2022,Вчера он и Стёпа обсудили предстоящий отпуск.,4.85,5.0,coordination,stimul,5,60,he_noun,pl,and
Manina_2022,Потом ты и Вова обнаружил ошибку учёного.,1.75,2.0,coordination,stimul,21,247,you_noun,sg,and
Manina_2022,Потом ты с Вовой обнаружил ошибку учёного.,3.8,4.0,coordination,stimul,21,245,you_noun,sg,with
Manina_2022,Ночью я с Мишей нарисовал эскизы костюмов.,4.8,5.0,coordination,stimul,11,121,I_noun,sg,with
Manina_2022,Весной он и Таня покупают новую одежду.,6.166666666666667,6.0,coordination,stimul,5,45,he_noun,pl,and
Manina_2022,Осенью я и Юра посетили Дворец Творчества.,6.222222222222222,6.0,coordination,stimul,24,280,I_noun,pl,and
Manina_2022,Сегодня они с Максимом рисуют эскизы костюмов.,6.666666666666667,7.0,coordination,stimul,26,231,he_noun,pl,inclusory_with
Manina_2022,Осенью он и Женя решил проблемы фирмы.,3.2666666666666666,3.0,coordination,stimul,16,191,he_noun,sg,and
Manina_2022,Зимой он и Света читают рассказы Брэдбери.,4.0,4.0,coordination,stimul,21,189,he_noun,pl,and
Manina_2022,Часто я и Ваня нарушаем приказы начальства.,6.142857142857143,6.0,coordination,stimul,16,142,I_noun,pl,and
Manina_2022,Тогда он и Коля разбили дорогой сервиз.,4.7,5.0,coordination,stimul,14,168,he_noun,pl,and
Manina_2022,Часто они с Ваней нарушают приказы начальства.,6.333333333333333,6.0,coordination,stimul,16,141,he_noun,pl,inclusory_with
Manina_2022,Тогда ты с Федей понял теорему Гёделя.,3.571428571428572,4.0,coordination,stimul,17,197,you_noun,sg,with
Manina_2022,Обычно Рома и Матвей чистите снежные завалы.,1.75,2.0,bad,filler,28,268,,,
Manina_2022,Утром я и Саша прочитали рассказ Брэдбери.,5.909090909090909,6.0,coordination,stimul,9,100,I_noun,pl,and
Manina_2022,Утром я и Даня продумали план занятий.,6.066666666666666,6.0,coordination,stimul,4,40,I_noun,pl,and
Manina_2022,Летом мы с Настей делаем холодные коктейли.,5.666666666666667,6.0,coordination,stimul,23,202,I_noun,pl,inclusory_with
Manina_2022,Теперь ты с Димой изучаешь законы Ньютона.,4.75,5.0,coordination,stimul,6,47,you_noun,sg,with
Manina_2022,Тогда я и Федя понял теорему Гёделя.,3.0,3.0,coordination,stimul,17,195,I_noun,sg,and
Manina_2022,Вечером ты и Петя отправил очередное письмо.,3.5,4.0,coordination,stimul,3,31,you_noun,sg,and
Manina_2022,Теперь ты и Юля пишете детскую книжку.,3.7142857142857135,4.0,coordination,stimul,11,98,you_noun,pl,and
Manina_2022,Утром ты с Тёмой сделали холодные коктейли.,4.0,4.0,coordination,stimul,20,234,you_noun,pl,with
Manina_2022,Обычно он и Соня осознают возможные риски.,5.1,5.0,coordination,stimul,15,135,he_noun,pl,and
Manina_2022,Весной ты с Ксюшей планируешь предстоящий отпуск.,5.166666666666667,5.0,coordination,stimul,20,173,you_noun,sg,with
Manina_2022,Осенью я и Лёша засушили кленовые листья.,6.0,6.0,coordination,stimul,8,88,I_noun,pl,and
Manina_2022,Теперь вы с Дашей почувствовали угрызению совести.,2.963235294117647,3.0,bad,filler,25,317,,,
Manina_2022,Зимой вы со Светой читаете рассказы Брэдбери.,5.0,5.0,coordination,stimul,21,185,you_noun,pl,inclusory_with
Manina_2022,Осенью он и Лёша засушил кленовые листья.,3.4545454545454546,3.0,coordination,stimul,8,95,he_noun,sg,and
Manina_2022,Летом он и Диана проверяют состояние водоёмов.,5.833333333333333,6.0,coordination,stimul,13,117,he_noun,pl,and
Manina_2022,Сегодня они с Витя встретили известного музыканта.,2.145985401459854,2.0,bad,filler,25,309,,,
Manina_2022,Сегодня я и Паша выиграли конкурс чтецов.,5.6,6.0,coordination,stimul,22,256,I_noun,pl,and
Manina_2022,Тогда он с Максом станцевал финское танго.,5.0,5.0,coordination,stimul,2,22,he_noun,pl,with
Manina_2022,Потом ты и Серёжа купил новую одежду.,2.909090909090909,3.0,coordination,stimul,6,67,you_noun,sg,and
Manina_2022,Осенью я и Женя разбираем пыльные антресоли.,5.461538461538462,5.0,coordination,stimul,22,196,I_noun,pl,and
Manina_2022,Завтра мы с Лизой измеряем скорость чтения.,5.416666666666667,5.0,coordination,stimul,14,121,I_noun,pl,inclusory_with
Manina_2022,Вчера они с Ксюшей устроили домашний спа-салон.,5.636363636363637,6.0,good ,filler,25,294,,,
Manina_2022,Сегодня он и Костя выдержал первое испытание.,3.75,4.0,coordination,stimul,23,275,he_noun,sg,and
Manina_2022,Вчера он и Боря исполнили вариации Баха.,4.545454545454546,5.0,coordination,stimul,1,12,he_noun,pl,and
Manina_2022,Теперь Лера и Ника благодарят родителям.,2.1785714285714284,2.0,bad,filler,28,284,,,
Manina_2022,Потом он и Серёжа купил новую одежду.,3.55,4.0,coordination,stimul,6,71,he_noun,sg,and
Manina_2022,Ночью он с Ваней распечатали материалы лекций.,3.625,4.0,coordination,stimul,13,154,he_noun,pl,with
Manina_2022,Теперь мы с Юлей пишем детскую книжку.,6.1,6.0,coordination,stimul,11,94,I_noun,pl,inclusory_with
Manina_2022,Вчера я с Лёвой изучили возможные риски.,4.0,4.0,coordination,stimul,19,218,I_noun,pl,with
Manina_2022,Весной ты и Таня покупаете новую одежду.,4.428571428571429,4.0,coordination,stimul,5,44,you_noun,pl,and
Manina_2022,Вечером я и Дима вспомнили рассказ дедушки.,5.0,5.0,coordination,stimul,15,172,I_noun,pl,and
Manina_2022,Вчера ты с Борей исполнил вариации Баха.,4.9,5.0,coordination,stimul,1,5,you_noun,sg,with
Manina_2022,Осенью мы с Женей разбираем пыльные антресоли.,6.0,6.0,coordination,stimul,22,193,I_noun,pl,inclusory_with
Manina_2022,Сейчас ты и Вика готовите маленький сюрприз.,4.75,5.0,coordination,stimul,7,62,you_noun,pl,and
Manina_2022,Вчера ты и Лёва изучил возможные риски.,2.9,3.0,coordination,stimul,19,223,you_noun,sg,and
